"","Fra","Treatment","Replicate","Initial.Date","Final.Date","dBW.g","dAW.gd","MoteGen","Genotype","WB","Days","DayF","TimePoint","Nutrients","SampleID","TreatDay","NutDay"
"1","121","N+P","R2",2018-01-16,2018-01-29,2.0982,2.1203,"G_62","Green and Orange","S",75,"75",4,"Nutrients","Ac_121_4","75_N+P","75_Nutrients"
"2","128","N+P","R2",2018-01-16,2018-01-29,2.1561,2.1782,"G_62","Green and Orange","S",75,"75",4,"Nutrients","Ac_128_4","75_N+P","75_Nutrients"
"3","222","N+P","R1",2017-08-30,2017-10-18,1.9387,1.9248,"G_62","Green and Orange","S",-28,"-28",1,"Nutrients","Ac_222_1",NA,"0"
"4","221","N","R1",2018-01-29,2018-02-14,1.6426,1.5291,"G_62","Green and Orange","S",91,"91",5,"Nutrients","Ac_221_5","91_N","91_Nutrients"
"5","221","N","R1",2017-08-30,2017-10-18,4.084,4.0661,"G_62","Green and Orange","S",-28,"-28",1,"Nutrients","Ac_221_1",NA,"0"
"6","123","N","R1",2017-08-30,2017-10-18,3.5195,3.5135,"G_62","Green and Orange","S",-28,"-28",1,"Nutrients","Ac_123_1",NA,"0"
"7","216","N+P","R1",2017-08-30,2017-10-18,3.3226,3.3065,"G_62","Green and Orange","S",-28,"-28",1,"Nutrients","Ac_216_1",NA,"0"
"8","220","A","R1",2017-08-30,2017-10-18,4.3617,4.34,"G_62","Green and Orange","S",-28,"-28",1,"Ambient","Ac_220_1","0","0"
"9","226","A","R1",2017-08-30,2017-10-18,3.1588,3.1394,"G_62","Green and Orange","S",-28,"-28",1,"Ambient","Ac_226_1","0","0"
"11","119","A","R2",2017-08-30,2017-10-18,3.2142,3.215,"G_62","Green and Orange","S",-28,"-28",1,"Ambient","Ac_119_1","0","0"
"13","124","N+P","R1",2017-08-30,2017-10-18,2.8352,2.8319,"G_62","Green and Orange","S",-28,"-28",1,"Nutrients","Ac_124_1",NA,"0"
"14","116","A","R1",2018-01-29,2018-02-14,3.7186,3.6064,"G_62","Green and Orange","S",91,"91",5,"Ambient","Ac_116_5","0","0"
"15","230","N","R2",2017-08-30,2017-10-18,2.4003,2.3924,"G_62","Green and Orange","S",-28,"-28",1,"Nutrients","Ac_230_1",NA,"0"
"16","129","A","R1",2017-08-30,2017-10-18,3.1654,3.1516,"G_62","Green and Orange","S",-28,"-28",1,"Ambient","Ac_129_1","0","0"
"17","120","N","R2",2018-01-16,2018-01-29,1.0647,1.0819,"G_62","Green and Orange","S",75,"75",4,"Nutrients","Ac_120_4","75_N","75_Nutrients"
"18","118","N+P","R1",2017-08-30,2017-10-18,2.9362,2.9329,"G_62","Green and Orange","S",-28,"-28",1,"Nutrients","Ac_118_1",NA,"0"
"19","117","N","R1",2017-08-30,2017-10-18,2.4805,2.4747,"G_62","Green and Orange","S",-28,"-28",1,"Nutrients","Ac_117_1",NA,"0"
"20","126","N","R2",2018-01-29,2018-02-14,0.4061,0.2647,"G_62","Green and Orange","S",91,"91",5,"Nutrients","Ac_126_5","91_N","91_Nutrients"
"21","228","N+P","R1",2017-08-30,2017-10-18,2.6917,2.6774,"G_62","Green and Orange","S",-28,"-28",1,"Nutrients","Ac_228_1",NA,"0"
"22","230","N","R2",2018-01-29,2018-02-14,0.576,0.4342,"G_62","Green and Orange","S",91,"91",5,"Nutrients","Ac_230_5","91_N","91_Nutrients"
"23","116","A","R1",2017-08-30,2017-10-18,3.3699,3.3617,"G_62","Green and Orange","S",-28,"-28",1,"Ambient","Ac_116_1","0","0"
"24","219","N+P","R2",2017-08-30,2017-10-18,3.3673,3.3632,"G_62","Green and Orange","S",-28,"-28",1,"Nutrients","Ac_219_1",NA,"0"
"25","122","A","R1",2018-01-29,2018-02-14,3.2589,3.1474,"G_62","Green and Orange","S",91,"91",5,"Ambient","Ac_122_5","0","0"
"27","125","A","R2",2017-12-15,2018-01-16,3.8965,3.908,"G_62","Green and Orange","S",62,"62",3,"Ambient","Ac_125_3","0","0"
"28","117","N","R1",2017-11-16,2017-12-13,2.7343,2.8101,"G_62","Green and Orange","S",28,"28",2,"Nutrients","Ac_117_2","28_N","28_Nutrients"
"29","122","A","R1",2017-08-30,2017-10-18,3.4347,3.4264,"G_62","Green and Orange","S",-28,"-28",1,"Ambient","Ac_122_1","0","0"
"31","221","N","R1",2018-02-14,2018-02-23,-0.0722,0.1653,"G_62","Green and Orange","S",100,"100",6,"Nutrients","Ac_221_6","100_N","100_Nutrients"
"33","118","N+P","R1",2018-01-16,2018-01-29,2.0849,2.0596,"G_62","Green and Orange","S",75,"75",4,"Nutrients","Ac_118_4","75_N+P","75_Nutrients"
"34","125","A","R2",2017-08-30,2017-10-18,2.8537,2.8546,"G_62","Green and Orange","S",-28,"-28",1,"Ambient","Ac_125_1","0","0"
"35","130","N","R1",2017-08-30,2017-10-18,2.9612,2.9496,"G_62","Green and Orange","S",-28,"-28",1,"Nutrients","Ac_130_1",NA,"0"
"37","118","N+P","R1",2017-12-15,2018-01-16,2.8507,2.8665,"G_62","Green and Orange","S",62,"62",3,"Nutrients","Ac_118_3","62_N+P","62_Nutrients"
"38","119","A","R2",2017-12-15,2018-01-16,3.5649,3.5763,"G_62","Green and Orange","S",62,"62",3,"Ambient","Ac_119_3","0","0"
"39","121","N+P","R2",2017-11-16,2017-12-13,3.3742,3.4329,"G_62","Green and Orange","S",28,"28",2,"Nutrients","Ac_121_2","28_N+P","28_Nutrients"
"41","126","N","R2",2018-01-16,2018-01-29,0.5893,0.6064,"G_62","Green and Orange","S",75,"75",4,"Nutrients","Ac_126_4","75_N","75_Nutrients"
"42","123","N","R1",2018-02-14,2018-02-23,-0.3533,-0.1164,"G_62","Green and Orange","S",100,"100",6,"Nutrients","Ac_123_6","100_N","100_Nutrients"
"43","130","N","R1",2018-02-14,2018-02-23,-0.4522,-0.2155,"G_62","Green and Orange","S",100,"100",6,"Nutrients","Ac_130_6","100_N","100_Nutrients"
"44","121","N+P","R2",2017-08-30,2017-10-18,3.5645,3.5732,"G_62","Green and Orange","S",-28,"-28",1,"Nutrients","Ac_121_1",NA,"0"
"45","219","N+P","R2",2018-01-16,2018-01-29,1.6246,1.6466,"G_62","Green and Orange","S",75,"75",4,"Nutrients","Ac_219_4","75_N+P","75_Nutrients"
"46","224","N","R2",2018-01-29,2018-02-14,0.5655,0.4237,"G_62","Green and Orange","S",91,"91",5,"Nutrients","Ac_224_5","91_N","91_Nutrients"
"47","225","N+P","R2",2017-08-30,2017-10-18,2.9892,2.9866,"G_62","Green and Orange","S",-28,"-28",1,"Nutrients","Ac_225_1",NA,"0"
"48","229","N+P","R2",2017-08-30,2017-10-18,3.7979,3.7951,"G_62","Green and Orange","S",-28,"-28",1,"Nutrients","Ac_229_1",NA,"0"
"52","226","A","R1",2018-01-29,2018-02-14,3.0673,2.9562,"G_62","Green and Orange","S",91,"91",5,"Ambient","Ac_226_5","0","0"
"53","117","N","R1",2018-01-29,2018-02-14,1.2744,1.1616,"G_62","Green and Orange","S",91,"91",5,"Nutrients","Ac_117_5","91_N","91_Nutrients"
"54","123","N","R1",2018-01-29,2018-02-14,1.4986,1.3854,"G_62","Green and Orange","S",91,"91",5,"Nutrients","Ac_123_5","91_N","91_Nutrients"
"55","130","N","R1",2018-01-29,2018-02-14,0.8055,0.6936,"G_62","Green and Orange","S",91,"91",5,"Nutrients","Ac_130_5","91_N","91_Nutrients"
"56","120","N","R2",2017-12-15,2018-01-16,2.0124,2.0248,"G_62","Green and Orange","S",62,"62",3,"Nutrients","Ac_120_3","62_N","62_Nutrients"
"57","126","N","R2",2017-12-15,2018-01-16,1.4538,1.466,"G_62","Green and Orange","S",62,"62",3,"Nutrients","Ac_126_3","62_N","62_Nutrients"
"59","221","N","R1",2017-11-16,2017-12-13,2.4983,2.5737,"G_62","Green and Orange","S",28,"28",2,"Nutrients","Ac_221_2","28_N","28_Nutrients"
"60","227","N","R1",2017-11-16,2017-12-13,2.2634,2.3383,"G_62","Green and Orange","S",28,"28",2,"Nutrients","Ac_227_2","28_N","28_Nutrients"
"61","116","A","R1",2017-11-16,2017-12-13,4.0355,4.1014,"G_62","Green and Orange","S",28,"28",2,"Ambient","Ac_116_2","0","0"
"63","116","A","R1",2018-02-14,2018-02-23,1.7368,1.9751,"G_62","Green and Orange","S",100,"100",6,"Ambient","Ac_116_6","0","0"
"64","220","A","R1",2018-01-29,2018-02-14,3.4074,3.2957,"G_62","Green and Orange","S",91,"91",5,"Ambient","Ac_220_5","0","0"
"65","126","N","R2",2017-08-30,2017-10-18,1.7228,1.7203,"G_62","Green and Orange","S",-28,"-28",1,"Nutrients","Ac_126_1",NA,"0"
"66","117","N","R1",2017-12-15,2018-01-16,2.6274,2.6377,"G_62","Green and Orange","S",62,"62",3,"Nutrients","Ac_117_3","62_N","62_Nutrients"
"67","123","N","R1",2017-12-15,2018-01-16,2.9826,2.9929,"G_62","Green and Orange","S",62,"62",3,"Nutrients","Ac_123_3","62_N","62_Nutrients"
"68","130","N","R1",2017-12-15,2018-01-16,2.0605,2.0706,"G_62","Green and Orange","S",62,"62",3,"Nutrients","Ac_130_3","62_N","62_Nutrients"
"70","120","N","R2",2018-01-29,2018-02-14,0.5743,0.4325,"G_62","Green and Orange","S",91,"91",5,"Nutrients","Ac_120_5","91_N","91_Nutrients"
"71","130","N","R1",2017-11-16,2017-12-13,2.1179,2.1925,"G_62","Green and Orange","S",28,"28",2,"Nutrients","Ac_130_2","28_N","28_Nutrients"
"72","218","N","R2",2017-12-15,2018-01-16,2.1018,2.1143,"G_62","Green and Orange","S",62,"62",3,"Nutrients","Ac_218_3","62_N","62_Nutrients"
"73","120","N","R2",2017-11-16,2017-12-13,2.6998,2.7512,"G_62","Green and Orange","S",28,"28",2,"Nutrients","Ac_120_2","28_N","28_Nutrients"
"76","217","A","R2",2017-08-30,2017-10-18,3.9952,3.9831,"G_62","Green and Orange","S",-28,"-28",1,"Ambient","Ac_217_1","0","0"
"77","128","N+P","R2",2017-12-15,2018-01-16,2.5161,2.5408,"G_62","Green and Orange","S",62,"62",3,"Nutrients","Ac_128_3","62_N+P","62_Nutrients"
"78","219","N+P","R2",2017-12-15,2018-01-16,2.3443,2.3689,"G_62","Green and Orange","S",62,"62",3,"Nutrients","Ac_219_3","62_N+P","62_Nutrients"
"79","227","N","R1",2017-08-30,2017-10-18,2.6563,2.6395,"G_62","Green and Orange","S",-28,"-28",1,"Nutrients","Ac_227_1",NA,"0"
"80","122","A","R1",2018-02-14,2018-02-23,1.584,1.822,"G_62","Green and Orange","S",100,"100",6,"Ambient","Ac_122_6","0","0"
"81","220","A","R1",2018-02-14,2018-02-23,1.4703,1.7081,"G_62","Green and Orange","S",100,"100",6,"Ambient","Ac_220_6","0","0"
"82","221","N","R1",2017-12-15,2018-01-16,2.7088,2.7191,"G_62","Green and Orange","S",62,"62",3,"Nutrients","Ac_221_3","62_N","62_Nutrients"
"83","119","A","R2",2018-01-29,2018-02-14,2.4055,2.2518,"G_62","Green and Orange","S",91,"91",5,"Ambient","Ac_119_5","0","0"
"84","125","A","R2",2018-01-29,2018-02-14,2.934,2.779,"G_62","Green and Orange","S",91,"91",5,"Ambient","Ac_125_5","0","0"
"85","119","A","R2",2017-11-16,2017-12-13,3.5619,3.615,"G_62","Green and Orange","S",28,"28",2,"Ambient","Ac_119_2","0","0"
"86","125","A","R2",2017-11-16,2017-12-13,3.7345,3.7877,"G_62","Green and Orange","S",28,"28",2,"Ambient","Ac_125_2","0","0"
"88","124","N+P","R1",2017-12-15,2018-01-16,2.5814,2.5972,"G_62","Green and Orange","S",62,"62",3,"Nutrients","Ac_124_3","62_N+P","62_Nutrients"
"91","223","A","R2",2017-08-30,2017-10-18,4.2529,4.2421,"G_62","Green and Orange","S",-28,"-28",1,"Ambient","Ac_223_1","0","0"
"92","216","N+P","R1",2017-11-16,2017-12-13,3.2813,3.3317,"G_62","Green and Orange","S",28,"28",2,"Nutrients","Ac_216_2","28_N+P","28_Nutrients"
"93","222","N+P","R1",2017-11-16,2017-12-13,2.1628,2.2118,"G_62","Green and Orange","S",28,"28",2,"Nutrients","Ac_222_2","28_N+P","28_Nutrients"
"96","117","N","R1",2018-02-14,2018-02-23,-0.5384,-0.3019,"G_62","Green and Orange","S",100,"100",6,"Nutrients","Ac_117_6","100_N","100_Nutrients"
"97","218","N","R2",2018-01-16,2018-01-29,1.179,1.1961,"G_62","Green and Orange","S",75,"75",4,"Nutrients","Ac_218_4","75_N","75_Nutrients"
"98","224","N","R2",2018-01-16,2018-01-29,1.184,1.2012,"G_62","Green and Orange","S",75,"75",4,"Nutrients","Ac_224_4","75_N","75_Nutrients"
"99","124","N+P","R1",2018-01-16,2018-01-29,1.9488,1.9236,"G_62","Green and Orange","S",75,"75",4,"Nutrients","Ac_124_4","75_N+P","75_Nutrients"
"100","223","A","R2",2017-11-16,2017-12-13,4.8408,4.8955,"G_62","Green and Orange","S",28,"28",2,"Ambient","Ac_223_2","0","0"
"101","225","N+P","R2",2018-01-16,2018-01-29,1.2541,1.2759,"G_62","Green and Orange","S",75,"75",4,"Nutrients","Ac_225_4","75_N+P","75_Nutrients"
"102","229","N+P","R2",2018-01-16,2018-01-29,1.064,1.0858,"G_62","Green and Orange","S",75,"75",4,"Nutrients","Ac_229_4","75_N+P","75_Nutrients"
"103","217","A","R2",2018-02-14,2018-02-23,0.6206,0.8028,"G_62","Green and Orange","S",100,"100",6,"Ambient","Ac_217_6","0","0"
"104","120","N","R2",2017-08-30,2017-10-18,3.0056,3.0086,"G_62","Green and Orange","S",-28,"-28",1,"Nutrients","Ac_120_1",NA,"0"
"105","125","A","R2",2018-01-16,2018-01-29,3.799,3.7913,"G_62","Green and Orange","S",75,"75",4,"Ambient","Ac_125_4","0","0"
"106","217","A","R2",2018-01-16,2018-01-29,1.7237,1.7162,"G_62","Green and Orange","S",75,"75",4,"Ambient","Ac_217_4","0","0"
"107","223","A","R2",2018-01-16,2018-01-29,4.736,4.7283,"G_62","Green and Orange","S",75,"75",4,"Ambient","Ac_223_4","0","0"
"108","229","N+P","R2",2018-01-29,2018-02-14,1.0104,0.9038,"G_62","Green and Orange","S",91,"91",5,"Nutrients","Ac_229_5","91_N+P","91_Nutrients"
"109","217","A","R2",2017-12-15,2018-01-16,1.2416,1.2523,"G_62","Green and Orange","S",62,"62",3,"Ambient","Ac_217_3","0","0"
"110","229","N+P","R2",2018-02-14,2018-02-23,-1.4225,-1.2535,"G_62","Green and Orange","S",100,"100",6,"Nutrients","Ac_229_6","100_N+P","100_Nutrients"
"111","123","N","R1",2017-11-16,2017-12-13,2.8639,2.94,"G_62","Green and Orange","S",28,"28",2,"Nutrients","Ac_123_2","28_N","28_Nutrients"
"113","216","N+P","R1",2018-01-16,2018-01-29,1.9076,1.8824,"G_62","Green and Orange","S",75,"75",4,"Nutrients","Ac_216_4","75_N+P","75_Nutrients"
"114","119","A","R2",2018-02-14,2018-02-23,1.0757,1.2586,"G_62","Green and Orange","S",100,"100",6,"Ambient","Ac_119_6","0","0"
"116","218","N","R2",2017-11-16,2017-12-13,2.7123,2.7637,"G_62","Green and Orange","S",28,"28",2,"Nutrients","Ac_218_2","28_N","28_Nutrients"
"117","119","A","R2",2018-01-16,2018-01-29,3.6989,3.6913,"G_62","Green and Orange","S",75,"75",4,"Ambient","Ac_119_4","0","0"
"121","218","N","R2",2017-08-30,2017-10-18,2.7152,2.7058,"G_62","Green and Orange","S",-28,"-28",1,"Nutrients","Ac_218_1",NA,"0"
"122","226","A","R1",2018-02-14,2018-02-23,1.2611,1.4985,"G_62","Green and Orange","S",100,"100",6,"Ambient","Ac_226_6","0","0"
"123","219","N+P","R2",2017-11-16,2017-12-13,3.2431,3.3015,"G_62","Green and Orange","S",28,"28",2,"Nutrients","Ac_219_2","28_N+P","28_Nutrients"
"125","116","A","R1",2018-01-16,2018-01-29,4.7338,4.6584,"G_62","Green and Orange","S",75,"75",4,"Ambient","Ac_116_4","0","0"
"127","222","N+P","R1",2018-01-16,2018-01-29,1.8645,1.8393,"G_62","Green and Orange","S",75,"75",4,"Nutrients","Ac_222_4","75_N+P","75_Nutrients"
"128","126","N","R2",2017-11-16,2017-12-13,1.9074,1.9577,"G_62","Green and Orange","S",28,"28",2,"Nutrients","Ac_126_2","28_N","28_Nutrients"
"129","125","A","R2",2018-02-14,2018-02-23,1.5831,1.7668,"G_62","Green and Orange","S",100,"100",6,"Ambient","Ac_125_6","0","0"
"130","224","N","R2",2017-11-16,2017-12-13,2.9655,3.0173,"G_62","Green and Orange","S",28,"28",2,"Nutrients","Ac_224_2","28_N","28_Nutrients"
"131","124","N+P","R1",2017-11-16,2017-12-13,3.413,3.4635,"G_62","Green and Orange","S",28,"28",2,"Nutrients","Ac_124_2","28_N+P","28_Nutrients"
"132","118","N+P","R1",2018-02-14,2018-02-23,-0.3767,-0.1247,"G_62","Green and Orange","S",100,"100",6,"Nutrients","Ac_118_6","100_N+P","100_Nutrients"
"134","225","N+P","R2",2017-12-15,2018-01-16,2.3658,2.3904,"G_62","Green and Orange","S",62,"62",3,"Nutrients","Ac_225_3","62_N+P","62_Nutrients"
"135","224","N","R2",2017-08-30,2017-10-18,3.9015,3.893,"G_62","Green and Orange","S",-28,"-28",1,"Nutrients","Ac_224_1",NA,"0"
"136","225","N+P","R2",2018-02-14,2018-02-23,-0.9867,-0.8169,"G_62","Green and Orange","S",100,"100",6,"Nutrients","Ac_225_6","100_N+P","100_Nutrients"
"137","227","N","R1",2018-01-16,2018-01-29,2.0566,2.001,"G_62","Green and Orange","S",75,"75",4,"Nutrients","Ac_227_4","75_N","75_Nutrients"
"138","222","N+P","R1",2018-01-29,2018-02-14,1.8975,1.7955,"G_62","Green and Orange","S",91,"91",5,"Nutrients","Ac_222_5","91_N+P","91_Nutrients"
"139","230","N","R2",2018-01-16,2018-01-29,0.6834,0.7005,"G_62","Green and Orange","S",75,"75",4,"Nutrients","Ac_230_4","75_N","75_Nutrients"
"140","128","N+P","R2",2017-08-30,2017-10-18,3.3569,3.3598,"G_62","Green and Orange","S",-28,"-28",1,"Nutrients","Ac_128_1",NA,"0"
"142","122","A","R1",2017-12-15,2018-01-16,3.7463,3.7822,"G_62","Green and Orange","S",62,"62",3,"Ambient","Ac_122_3","0","0"
"143","129","A","R1",2017-12-15,2018-01-16,3.828,3.864,"G_62","Green and Orange","S",62,"62",3,"Ambient","Ac_129_3","0","0"
"144","121","N+P","R2",2017-12-15,2018-01-16,2.6214,2.6462,"G_62","Green and Orange","S",62,"62",3,"Nutrients","Ac_121_3","62_N+P","62_Nutrients"
"145","230","N","R2",2017-11-16,2017-12-13,2.4407,2.4917,"G_62","Green and Orange","S",28,"28",2,"Nutrients","Ac_230_2","28_N","28_Nutrients"
"146","124","N+P","R1",2018-02-14,2018-02-23,-0.2799,-0.0277,"G_62","Green and Orange","S",100,"100",6,"Nutrients","Ac_124_6","100_N+P","100_Nutrients"
"148","128","N+P","R2",2017-11-16,2017-12-13,3.3883,3.447,"G_62","Green and Orange","S",28,"28",2,"Nutrients","Ac_128_2","28_N+P","28_Nutrients"
"149","221","N","R1",2018-01-16,2018-01-29,1.9657,1.9102,"G_62","Green and Orange","S",75,"75",4,"Nutrients","Ac_221_4","75_N","75_Nutrients"
"150","228","N+P","R1",2017-11-16,2017-12-13,3.0385,3.0886,"G_62","Green and Orange","S",28,"28",2,"Nutrients","Ac_228_2","28_N+P","28_Nutrients"
"151","229","N+P","R2",2017-12-15,2018-01-16,1.2565,1.2803,"G_62","Green and Orange","S",62,"62",3,"Nutrients","Ac_229_3","62_N+P","62_Nutrients"
"152","227","N","R1",2017-12-15,2018-01-16,2.379,2.3892,"G_62","Green and Orange","S",62,"62",3,"Nutrients","Ac_227_3","62_N","62_Nutrients"
"153","217","A","R2",2018-01-29,2018-02-14,1.4889,1.3374,"G_62","Green and Orange","S",91,"91",5,"Ambient","Ac_217_5","0","0"
"154","224","N","R2",2017-12-15,2018-01-16,2.2532,2.2657,"G_62","Green and Orange","S",62,"62",3,"Nutrients","Ac_224_3","62_N","62_Nutrients"
"155","129","A","R1",2018-01-16,2018-01-29,3.6549,3.5805,"G_62","Green and Orange","S",75,"75",4,"Ambient","Ac_129_4","0","0"
"156","116","A","R1",2017-12-15,2018-01-16,5.0677,5.1049,"G_62","Green and Orange","S",62,"62",3,"Ambient","Ac_116_3","0","0"
"157","122","A","R1",2017-11-16,2017-12-13,3.1655,3.2299,"G_62","Green and Orange","S",28,"28",2,"Ambient","Ac_122_2","0","0"
"160","123","N","R1",2018-01-16,2018-01-29,2.6408,2.5848,"G_62","Green and Orange","S",75,"75",4,"Nutrients","Ac_123_4","75_N","75_Nutrients"
"161","128","N+P","R2",2018-02-14,2018-02-23,-0.9104,-0.7405,"G_62","Green and Orange","S",100,"100",6,"Nutrients","Ac_128_6","100_N+P","100_Nutrients"
"162","226","A","R1",2017-11-16,2017-12-13,3.2225,3.2871,"G_62","Green and Orange","S",28,"28",2,"Ambient","Ac_226_2","0","0"
"163","225","N+P","R2",2018-01-29,2018-02-14,1.6772,1.5694,"G_62","Green and Orange","S",91,"91",5,"Nutrients","Ac_225_5","91_N+P","91_Nutrients"
"165","124","N+P","R1",2018-01-29,2018-02-14,1.8947,1.7927,"G_62","Green and Orange","S",91,"91",5,"Nutrients","Ac_124_5","91_N+P","91_Nutrients"
"166","229","N+P","R2",2017-11-16,2017-12-13,1.9009,1.9574,"G_62","Green and Orange","S",28,"28",2,"Nutrients","Ac_229_2","28_N+P","28_Nutrients"
"167","122","A","R1",2018-01-16,2018-01-29,4.0144,3.9397,"G_62","Green and Orange","S",75,"75",4,"Ambient","Ac_122_4","0","0"
"168","117","N","R1",2018-01-16,2018-01-29,2.0563,2.0007,"G_62","Green and Orange","S",75,"75",4,"Nutrients","Ac_117_4","75_N","75_Nutrients"
"169","228","N+P","R1",2017-12-15,2018-01-16,2.4959,2.5116,"G_62","Green and Orange","S",62,"62",3,"Nutrients","Ac_228_3","62_N+P","62_Nutrients"
"170","228","N+P","R1",2018-01-16,2018-01-29,1.852,1.8268,"G_62","Green and Orange","S",75,"75",4,"Nutrients","Ac_228_4","75_N+P","75_Nutrients"
"171","216","N+P","R1",2017-12-15,2018-01-16,2.3918,2.4074,"G_62","Green and Orange","S",62,"62",3,"Nutrients","Ac_216_3","62_N+P","62_Nutrients"
"173","222","N+P","R1",2018-02-14,2018-02-23,-0.9452,-0.6945,"G_62","Green and Orange","S",100,"100",6,"Nutrients","Ac_222_6","100_N+P","100_Nutrients"
"174","130","N","R1",2018-01-16,2018-01-29,1.5906,1.5354,"G_62","Green and Orange","S",75,"75",4,"Nutrients","Ac_130_4","75_N","75_Nutrients"
"175","128","N+P","R2",2018-01-29,2018-02-14,2.2077,2.0991,"G_62","Green and Orange","S",91,"91",5,"Nutrients","Ac_128_5","91_N+P","91_Nutrients"
"176","228","N+P","R1",2018-01-29,2018-02-14,1.4581,1.3568,"G_62","Green and Orange","S",91,"91",5,"Nutrients","Ac_228_5","91_N+P","91_Nutrients"
"177","118","N+P","R1",2017-11-16,2017-12-13,3.9596,4.0109,"G_62","Green and Orange","S",28,"28",2,"Nutrients","Ac_118_2","28_N+P","28_Nutrients"
"178","118","N+P","R1",2018-01-29,2018-02-14,1.7135,1.6118,"G_62","Green and Orange","S",91,"91",5,"Nutrients","Ac_118_5","91_N+P","91_Nutrients"
"179","223","A","R2",2017-12-15,2018-01-16,4.2022,4.2139,"G_62","Green and Orange","S",62,"62",3,"Ambient","Ac_223_3","0","0"
"180","230","N","R2",2017-12-15,2018-01-16,2.0846,2.097,"G_62","Green and Orange","S",62,"62",3,"Nutrients","Ac_230_3","62_N","62_Nutrients"
"181","230","N","R2",2018-02-14,2018-02-23,-0.6667,-0.4178,"G_62","Green and Orange","S",100,"100",6,"Nutrients","Ac_230_6","100_N","100_Nutrients"
"182","220","A","R1",2017-12-15,2018-01-16,4.59,4.6267,"G_62","Green and Orange","S",62,"62",3,"Ambient","Ac_220_3","0","0"
"184","220","A","R1",2017-11-16,2017-12-13,4.1577,4.2238,"G_62","Green and Orange","S",28,"28",2,"Ambient","Ac_220_2","0","0"
"185","225","N+P","R2",2017-11-16,2017-12-13,2.5694,2.6269,"G_62","Green and Orange","S",28,"28",2,"Nutrients","Ac_225_2","28_N+P","28_Nutrients"
"186","226","A","R1",2017-12-15,2018-01-16,4.1703,4.2066,"G_62","Green and Orange","S",62,"62",3,"Ambient","Ac_226_3","0","0"
"187","126","N","R2",2018-02-14,2018-02-23,-0.7901,-0.5415,"G_62","Green and Orange","S",100,"100",6,"Nutrients","Ac_126_6","100_N","100_Nutrients"
"188","228","N+P","R1",2018-02-14,2018-02-23,-0.2832,-0.0309,"G_62","Green and Orange","S",100,"100",6,"Nutrients","Ac_228_6","100_N+P","100_Nutrients"
"189","222","N+P","R1",2017-12-15,2018-01-16,2.3815,2.3971,"G_62","Green and Orange","S",62,"62",3,"Nutrients","Ac_222_3","62_N+P","62_Nutrients"
"190","224","N","R2",2018-02-14,2018-02-23,-0.6403,-0.3913,"G_62","Green and Orange","S",100,"100",6,"Nutrients","Ac_224_6","100_N","100_Nutrients"
"191","226","A","R1",2018-01-16,2018-01-29,4.1429,4.068,"G_62","Green and Orange","S",75,"75",4,"Ambient","Ac_226_4","0","0"
"193","129","A","R1",2017-11-16,2017-12-13,3.0337,3.0979,"G_62","Green and Orange","S",28,"28",2,"Ambient","Ac_129_2","0","0"
"194","220","A","R1",2018-01-16,2018-01-29,4.6568,4.5815,"G_62","Green and Orange","S",75,"75",4,"Ambient","Ac_220_4","0","0"
"195","176","A","R1",2017-08-30,2017-10-18,1.912,1.9007,"G_48","Green","S",-28,"-28",1,"Ambient","Ac_176_1","0","0"
"196","182","A","R1",2017-08-30,2017-10-18,3.5901,3.5801,"G_48","Green","S",-28,"-28",1,"Ambient","Ac_182_1","0","0"
"197","189","A","R1",2017-08-30,2017-10-18,3.3182,3.3083,"G_48","Green","S",-28,"-28",1,"Ambient","Ac_189_1","0","0"
"198","281","A","R1",2017-08-30,2017-10-18,2.8688,2.8674,"G_48","Green","S",-28,"-28",1,"Ambient","Ac_281_1","0","0"
"199","287","A","R1",2017-08-30,2017-10-18,2.6697,2.6683,"G_48","Green","S",-28,"-28",1,"Ambient","Ac_287_1","0","0"
"200","289","N+P","R1",2017-08-30,2017-10-18,3.1605,3.1638,"G_48","Green","S",-28,"-28",1,"Nutrients","Ac_289_1",NA,"0"
"201","278","N","R2",2018-01-29,2018-02-14,0.5972,0.4554,"G_48","Green","S",91,"91",5,"Nutrients","Ac_278_5","91_N","91_Nutrients"
"202","285","N","R2",2018-01-29,2018-02-14,0.7507,0.6085,"G_48","Green","S",91,"91",5,"Nutrients","Ac_285_5","91_N","91_Nutrients"
"205","177","N","R1",2018-01-16,2018-01-29,2.1146,2.059,"G_48","Green","S",75,"75",4,"Nutrients","Ac_177_4","75_N","75_Nutrients"
"206","183","N","R1",2018-01-16,2018-01-29,1.9951,1.9396,"G_48","Green","S",75,"75",4,"Nutrients","Ac_183_4","75_N","75_Nutrients"
"207","177","N","R1",2017-12-15,2018-01-16,3.0778,3.0881,"G_48","Green","S",62,"62",3,"Nutrients","Ac_177_3","62_N","62_Nutrients"
"208","183","N","R1",2017-12-15,2018-01-16,3.0514,3.0617,"G_48","Green","S",62,"62",3,"Nutrients","Ac_183_3","62_N","62_Nutrients"
"209","190","N","R1",2017-12-15,2018-01-16,2.6663,2.6766,"G_48","Green","S",62,"62",3,"Nutrients","Ac_190_3","62_N","62_Nutrients"
"210","177","N","R1",2017-11-16,2017-12-13,3.1804,3.2571,"G_48","Green","S",28,"28",2,"Nutrients","Ac_177_2","28_N","28_Nutrients"
"211","183","N","R1",2017-11-16,2017-12-13,3.2092,3.2859,"G_48","Green","S",28,"28",2,"Nutrients","Ac_183_2","28_N","28_Nutrients"
"212","190","N","R1",2017-11-16,2017-12-13,2.6696,2.7453,"G_48","Green","S",28,"28",2,"Nutrients","Ac_190_2","28_N","28_Nutrients"
"216","177","N","R1",2017-08-30,2017-10-18,4.0569,4.0467,"G_48","Green","S",-28,"-28",1,"Nutrients","Ac_177_1",NA,"0"
"217","183","N","R1",2017-08-30,2017-10-18,3.668,3.6602,"G_48","Green","S",-28,"-28",1,"Nutrients","Ac_183_1",NA,"0"
"218","190","N","R1",2017-08-30,2017-10-18,2.8484,2.8301,"G_48","Green","S",-28,"-28",1,"Nutrients","Ac_190_1",NA,"0"
"219","282","N","R1",2017-08-30,2017-10-18,2.6607,2.6614,"G_48","Green","S",-28,"-28",1,"Nutrients","Ac_282_1",NA,"0"
"220","288","N","R1",2017-08-30,2017-10-18,2.9714,2.9722,"G_48","Green","S",-28,"-28",1,"Nutrients","Ac_288_1",NA,"0"
"224","187","N","R2",2018-01-16,2018-01-29,1.3937,1.411,"G_48","Green","S",75,"75",4,"Nutrients","Ac_187_4","75_N","75_Nutrients"
"225","178","N+P","R1",2018-01-16,2018-01-29,2.5464,2.521,"G_48","Green","S",75,"75",4,"Nutrients","Ac_178_4","75_N+P","75_Nutrients"
"226","184","N+P","R1",2018-01-16,2018-01-29,1.3104,1.2854,"G_48","Green","S",75,"75",4,"Nutrients","Ac_184_4","75_N+P","75_Nutrients"
"227","276","N+P","R1",2018-01-16,2018-01-29,2.0258,2.0005,"G_48","Green","S",75,"75",4,"Nutrients","Ac_276_4","75_N+P","75_Nutrients"
"228","178","N+P","R1",2017-12-15,2018-01-16,2.9529,2.9688,"G_48","Green","S",62,"62",3,"Nutrients","Ac_178_3","62_N+P","62_Nutrients"
"229","184","N+P","R1",2017-12-15,2018-01-16,1.8821,1.8975,"G_48","Green","S",62,"62",3,"Nutrients","Ac_184_3","62_N+P","62_Nutrients"
"230","276","N+P","R1",2017-12-15,2018-01-16,2.4893,2.505,"G_48","Green","S",62,"62",3,"Nutrients","Ac_276_3","62_N+P","62_Nutrients"
"231","178","N+P","R1",2017-11-16,2017-12-13,4.1857,4.2372,"G_48","Green","S",28,"28",2,"Nutrients","Ac_178_2","28_N+P","28_Nutrients"
"232","184","N+P","R1",2017-11-16,2017-12-13,2.1509,2.1999,"G_48","Green","S",28,"28",2,"Nutrients","Ac_184_2","28_N+P","28_Nutrients"
"233","276","N+P","R1",2017-11-16,2017-12-13,3.3796,3.4301,"G_48","Green","S",28,"28",2,"Nutrients","Ac_276_2","28_N+P","28_Nutrients"
"236","178","N+P","R1",2017-08-30,2017-10-18,3.7053,3.6979,"G_48","Green","S",-28,"-28",1,"Nutrients","Ac_178_1",NA,"0"
"237","184","N+P","R1",2017-08-30,2017-10-18,1.6003,1.5956,"G_48","Green","S",-28,"-28",1,"Nutrients","Ac_184_1",NA,"0"
"238","276","N+P","R1",2017-08-30,2017-10-18,2.3206,2.3237,"G_48","Green","S",-28,"-28",1,"Nutrients","Ac_276_1",NA,"0"
"239","283","N+P","R1",2017-08-30,2017-10-18,3.29,3.2933,"G_48","Green","S",-28,"-28",1,"Nutrients","Ac_283_1",NA,"0"
"240","181","N+P","R2",2018-01-16,2018-01-29,1.3844,1.4063,"G_48","Green","S",75,"75",4,"Nutrients","Ac_181_4","75_N+P","75_Nutrients"
"241","188","N+P","R2",2018-01-16,2018-01-29,2.0365,2.0585,"G_48","Green","S",75,"75",4,"Nutrients","Ac_188_4","75_N+P","75_Nutrients"
"242","280","N+P","R2",2018-01-16,2018-01-29,1.8444,1.8664,"G_48","Green","S",75,"75",4,"Nutrients","Ac_280_4","75_N+P","75_Nutrients"
"243","286","N+P","R2",2018-01-16,2018-01-29,1.7548,1.7768,"G_48","Green","S",75,"75",4,"Nutrients","Ac_286_4","75_N+P","75_Nutrients"
"244","186","A","R2",2017-08-30,2017-10-18,3.3428,3.3419,"G_48","Green","S",-28,"-28",1,"Ambient","Ac_186_1","0","0"
"245","179","A","R2",2018-01-16,2018-01-29,4.4459,4.4382,"G_48","Green","S",75,"75",4,"Ambient","Ac_179_4","0","0"
"246","186","A","R2",2018-01-16,2018-01-29,4.1566,4.1489,"G_48","Green","S",75,"75",4,"Ambient","Ac_186_4","0","0"
"247","277","A","R2",2018-01-16,2018-01-29,4.1933,4.1856,"G_48","Green","S",75,"75",4,"Ambient","Ac_277_4","0","0"
"248","179","A","R2",2017-12-15,2018-01-16,4.2514,4.263,"G_48","Green","S",62,"62",3,"Ambient","Ac_179_3","0","0"
"249","186","A","R2",2017-12-15,2018-01-16,4.1435,4.1551,"G_48","Green","S",62,"62",3,"Ambient","Ac_186_3","0","0"
"250","277","A","R2",2017-12-15,2018-01-16,4.1997,4.2113,"G_48","Green","S",62,"62",3,"Ambient","Ac_277_3","0","0"
"251","284","A","R2",2017-12-15,2018-01-16,4.7597,4.7715,"G_48","Green","S",62,"62",3,"Ambient","Ac_284_3","0","0"
"252","179","A","R2",2017-11-16,2017-12-13,4.198,4.2519,"G_48","Green","S",28,"28",2,"Ambient","Ac_179_2","0","0"
"253","186","A","R2",2017-11-16,2017-12-13,3.8679,3.9214,"G_48","Green","S",28,"28",2,"Ambient","Ac_186_2","0","0"
"254","277","A","R2",2017-11-16,2017-12-13,4.1814,4.2353,"G_48","Green","S",28,"28",2,"Ambient","Ac_277_2","0","0"
"256","179","A","R2",2017-08-30,2017-10-18,3.8305,3.8296,"G_48","Green","S",-28,"-28",1,"Ambient","Ac_179_1","0","0"
"257","187","N","R2",2017-11-16,2017-12-13,3.8136,3.8664,"G_48","Green","S",28,"28",2,"Nutrients","Ac_187_2","28_N","28_Nutrients"
"258","277","A","R2",2017-08-30,2017-10-18,3.1131,3.1206,"G_48","Green","S",-28,"-28",1,"Ambient","Ac_277_1","0","0"
"259","284","A","R2",2017-08-30,2017-10-18,3.4651,3.4727,"G_48","Green","S",-28,"-28",1,"Ambient","Ac_284_1","0","0"
"260","290","A","R2",2017-08-30,2017-10-18,3.3399,3.3475,"G_48","Green","S",-28,"-28",1,"Ambient","Ac_290_1","0","0"
"261","176","A","R1",2018-02-14,2018-02-23,0.9421,1.1788,"G_48","Green","S",100,"100",6,"Ambient","Ac_176_6","0","0"
"262","182","A","R1",2018-02-14,2018-02-23,1.3459,1.5834,"G_48","Green","S",100,"100",6,"Ambient","Ac_182_6","0","0"
"263","180","N","R2",2018-01-16,2018-01-29,1.374,1.3913,"G_48","Green","S",75,"75",4,"Nutrients","Ac_180_4","75_N","75_Nutrients"
"264","281","A","R1",2018-02-14,2018-02-23,1.7297,1.968,"G_48","Green","S",100,"100",6,"Ambient","Ac_281_6","0","0"
"265","278","N","R2",2018-01-16,2018-01-29,0.9454,0.9625,"G_48","Green","S",75,"75",4,"Nutrients","Ac_278_4","75_N","75_Nutrients"
"266","180","N","R2",2017-12-15,2018-01-16,2.4476,2.4602,"G_48","Green","S",62,"62",3,"Nutrients","Ac_180_3","62_N","62_Nutrients"
"267","187","N","R2",2017-12-15,2018-01-16,2.7377,2.7504,"G_48","Green","S",62,"62",3,"Nutrients","Ac_187_3","62_N","62_Nutrients"
"268","278","N","R2",2017-12-15,2018-01-16,2.1238,2.1363,"G_48","Green","S",62,"62",3,"Nutrients","Ac_278_3","62_N","62_Nutrients"
"269","180","N","R2",2017-11-16,2017-12-13,3.305,3.3572,"G_48","Green","S",28,"28",2,"Nutrients","Ac_180_2","28_N","28_Nutrients"
"270","280","N+P","R2",2017-08-30,2017-10-18,3.0824,3.0976,"G_48","Green","S",-28,"-28",1,"Nutrients","Ac_280_1",NA,"0"
"271","278","N","R2",2017-11-16,2017-12-13,3.0281,3.0799,"G_48","Green","S",28,"28",2,"Nutrients","Ac_278_2","28_N","28_Nutrients"
"272","285","N","R2",2017-11-16,2017-12-13,2.5952,2.6464,"G_48","Green","S",28,"28",2,"Nutrients","Ac_285_2","28_N","28_Nutrients"
"274","180","N","R2",2017-08-30,2017-10-18,4.2324,4.2338,"G_48","Green","S",-28,"-28",1,"Nutrients","Ac_180_1",NA,"0"
"275","187","N","R2",2017-08-30,2017-10-18,4.1181,4.1195,"G_48","Green","S",-28,"-28",1,"Nutrients","Ac_187_1",NA,"0"
"276","278","N","R2",2017-08-30,2017-10-18,2.8428,2.8523,"G_48","Green","S",-28,"-28",1,"Nutrients","Ac_278_1",NA,"0"
"277","285","N","R2",2017-08-30,2017-10-18,2.3324,2.3417,"G_48","Green","S",-28,"-28",1,"Nutrients","Ac_285_1",NA,"0"
"278","177","N","R1",2018-02-14,2018-02-23,-0.4187,-0.182,"G_48","Green","S",100,"100",6,"Nutrients","Ac_177_6","100_N","100_Nutrients"
"279","190","N","R1",2018-02-14,2018-02-23,-0.6538,-0.4176,"G_48","Green","S",100,"100",6,"Nutrients","Ac_190_6","100_N","100_Nutrients"
"280","286","N+P","R2",2018-02-14,2018-02-23,-0.7644,-0.5943,"G_48","Green","S",100,"100",6,"Nutrients","Ac_286_6","100_N+P","100_Nutrients"
"281","187","N","R2",2018-01-29,2018-02-14,NA,NA,"G_48","Green","S",91,"91",5,"Nutrients","Ac_187_5","91_N","91_Nutrients"
"282","288","N","R1",2018-02-14,2018-02-23,-0.4825,-0.2459,"G_48","Green","S",100,"100",6,"Nutrients","Ac_288_6","100_N","100_Nutrients"
"283","182","A","R1",2017-12-15,2018-01-16,5.1479,5.1852,"G_48","Green","S",62,"62",3,"Ambient","Ac_182_3","0","0"
"284","286","N+P","R2",2017-08-30,2017-10-18,3.0096,3.0248,"G_48","Green","S",-28,"-28",1,"Nutrients","Ac_286_1",NA,"0"
"285","277","A","R2",2018-02-14,2018-02-23,1.5139,1.6976,"G_48","Green","S",100,"100",6,"Ambient","Ac_277_6","0","0"
"286","181","N+P","R2",2017-12-15,2018-01-16,2.5065,2.5313,"G_48","Green","S",62,"62",3,"Nutrients","Ac_181_3","62_N+P","62_Nutrients"
"287","188","N+P","R2",2017-12-15,2018-01-16,2.1807,2.2052,"G_48","Green","S",62,"62",3,"Nutrients","Ac_188_3","62_N+P","62_Nutrients"
"288","280","N+P","R2",2017-12-15,2018-01-16,2.5937,2.6185,"G_48","Green","S",62,"62",3,"Nutrients","Ac_280_3","62_N+P","62_Nutrients"
"289","181","N+P","R2",2017-11-16,2017-12-13,2.9654,3.0234,"G_48","Green","S",28,"28",2,"Nutrients","Ac_181_2","28_N+P","28_Nutrients"
"290","188","N+P","R2",2017-11-16,2017-12-13,2.9549,3.013,"G_48","Green","S",28,"28",2,"Nutrients","Ac_188_2","28_N+P","28_Nutrients"
"291","280","N+P","R2",2017-11-16,2017-12-13,2.9902,3.0483,"G_48","Green","S",28,"28",2,"Nutrients","Ac_280_2","28_N+P","28_Nutrients"
"292","286","N+P","R2",2017-11-16,2017-12-13,3.2353,3.2938,"G_48","Green","S",28,"28",2,"Nutrients","Ac_286_2","28_N+P","28_Nutrients"
"294","181","N+P","R2",2017-08-30,2017-10-18,2.9897,2.9965,"G_48","Green","S",-28,"-28",1,"Nutrients","Ac_181_1",NA,"0"
"295","188","N+P","R2",2017-08-30,2017-10-18,3.1892,3.1961,"G_48","Green","S",-28,"-28",1,"Nutrients","Ac_188_1",NA,"0"
"296","288","N","R1",2017-11-16,2017-12-13,2.6621,2.7377,"G_48","Green","S",28,"28",2,"Nutrients","Ac_288_2","28_N","28_Nutrients"
"297","176","A","R1",2017-11-16,2017-12-13,2.0261,2.0888,"G_48","Green","S",28,"28",2,"Ambient","Ac_176_2","0","0"
"298","182","A","R1",2017-11-16,2017-12-13,4.0316,4.0975,"G_48","Green","S",28,"28",2,"Ambient","Ac_182_2","0","0"
"299","176","A","R1",2018-01-29,2018-02-14,2.0265,1.9171,"G_48","Green","S",91,"91",5,"Ambient","Ac_176_5","0","0"
"300","182","A","R1",2018-01-29,2018-02-14,3.9641,3.8514,"G_48","Green","S",91,"91",5,"Ambient","Ac_182_5","0","0"
"301","281","A","R1",2018-01-29,2018-02-14,3.0429,2.9318,"G_48","Green","S",91,"91",5,"Ambient","Ac_281_5","0","0"
"302","287","A","R1",2018-01-29,2018-02-14,3.0203,2.9093,"G_48","Green","S",91,"91",5,"Ambient","Ac_287_5","0","0"
"305","176","A","R1",2018-01-16,2018-01-29,2.3151,2.2419,"G_48","Green","S",75,"75",4,"Ambient","Ac_176_4","0","0"
"306","182","A","R1",2018-01-16,2018-01-29,5.0714,4.9957,"G_48","Green","S",75,"75",4,"Ambient","Ac_182_4","0","0"
"307","189","A","R1",2018-01-16,2018-01-29,4.5881,4.5129,"G_48","Green","S",75,"75",4,"Ambient","Ac_189_4","0","0"
"308","176","A","R1",2017-12-15,2018-01-16,2.1874,2.2216,"G_48","Green","S",62,"62",3,"Ambient","Ac_176_3","0","0"
"309","277","A","R2",2018-01-29,2018-02-14,2.9431,2.7882,"G_48","Green","S",91,"91",5,"Ambient","Ac_277_5","0","0"
"310","284","A","R2",2017-11-16,2017-12-13,4.3566,4.4107,"G_48","Green","S",28,"28",2,"Ambient","Ac_284_2","0","0"
"312","189","A","R1",2017-11-16,2017-12-13,3.571,3.6361,"G_48","Green","S",28,"28",2,"Ambient","Ac_189_2","0","0"
"316","282","N","R1",2018-01-16,2018-01-29,2.8498,2.7937,"G_48","Green","S",75,"75",4,"Nutrients","Ac_282_4","75_N","75_Nutrients"
"317","288","N","R1",2018-01-16,2018-01-29,1.8096,1.7542,"G_48","Green","S",75,"75",4,"Nutrients","Ac_288_4","75_N","75_Nutrients"
"318","282","N","R1",2018-01-29,2018-02-14,1.4909,1.3777,"G_48","Green","S",91,"91",5,"Nutrients","Ac_282_5","91_N","91_Nutrients"
"319","288","N","R1",2018-01-29,2018-02-14,1.3518,1.2389,"G_48","Green","S",91,"91",5,"Nutrients","Ac_288_5","91_N","91_Nutrients"
"320","289","N+P","R1",2018-01-29,2018-02-14,1.5212,1.4198,"G_48","Green","S",91,"91",5,"Nutrients","Ac_289_5","91_N+P","91_Nutrients"
"321","282","N","R1",2018-02-14,2018-02-23,-1.1925,-0.9574,"G_48","Green","S",100,"100",6,"Nutrients","Ac_282_6","100_N","100_Nutrients"
"322","285","N","R2",2018-01-16,2018-01-29,0.6628,0.6798,"G_48","Green","S",75,"75",4,"Nutrients","Ac_285_4","75_N","75_Nutrients"
"323","283","N+P","R1",2018-01-16,2018-01-29,2.3656,2.3402,"G_48","Green","S",75,"75",4,"Nutrients","Ac_283_4","75_N+P","75_Nutrients"
"324","289","N+P","R1",2018-01-16,2018-01-29,2.114,2.0887,"G_48","Green","S",75,"75",4,"Nutrients","Ac_289_4","75_N+P","75_Nutrients"
"328","190","N","R1",2018-01-16,2018-01-29,2.0402,1.9847,"G_48","Green","S",75,"75",4,"Nutrients","Ac_190_4","75_N","75_Nutrients"
"329","283","N+P","R1",2017-11-16,2017-12-13,4.9618,5.0143,"G_48","Green","S",28,"28",2,"Nutrients","Ac_283_2","28_N+P","28_Nutrients"
"330","289","N+P","R1",2017-11-16,2017-12-13,4.0588,4.1102,"G_48","Green","S",28,"28",2,"Nutrients","Ac_289_2","28_N+P","28_Nutrients"
"331","282","N","R1",2017-12-15,2018-01-16,3.3603,3.3708,"G_48","Green","S",62,"62",3,"Nutrients","Ac_282_3","62_N","62_Nutrients"
"332","288","N","R1",2017-12-15,2018-01-16,2.5583,2.5685,"G_48","Green","S",62,"62",3,"Nutrients","Ac_288_3","62_N","62_Nutrients"
"333","179","A","R2",2018-01-29,2018-02-14,2.9562,2.8012,"G_48","Green","S",91,"91",5,"Ambient","Ac_179_5","0","0"
"334","282","N","R1",2017-11-16,2017-12-13,2.8877,2.9638,"G_48","Green","S",28,"28",2,"Nutrients","Ac_282_2","28_N","28_Nutrients"
"335","276","N+P","R1",2018-01-29,2018-02-14,1.6669,1.5653,"G_48","Green","S",91,"91",5,"Nutrients","Ac_276_5","91_N+P","91_Nutrients"
"338","189","A","R1",2017-12-15,2018-01-16,4.4291,4.4656,"G_48","Green","S",62,"62",3,"Ambient","Ac_189_3","0","0"
"342","178","N+P","R1",2018-02-14,2018-02-23,-0.3372,-0.0851,"G_48","Green","S",100,"100",6,"Nutrients","Ac_178_6","100_N+P","100_Nutrients"
"343","284","A","R2",2018-01-16,2018-01-29,4.7853,4.7775,"G_48","Green","S",75,"75",4,"Ambient","Ac_284_4","0","0"
"345","287","A","R1",2018-02-14,2018-02-23,1.7827,2.0211,"G_48","Green","S",100,"100",6,"Ambient","Ac_287_6","0","0"
"347","186","A","R2",2018-01-29,2018-02-14,2.9818,2.8268,"G_48","Green","S",91,"91",5,"Ambient","Ac_186_5","0","0"
"348","188","N+P","R2",2018-02-14,2018-02-23,-0.3149,-0.1441,"G_48","Green","S",100,"100",6,"Nutrients","Ac_188_6","100_N+P","100_Nutrients"
"349","276","N+P","R1",2018-02-14,2018-02-23,-0.3467,-0.0946,"G_48","Green","S",100,"100",6,"Nutrients","Ac_276_6","100_N+P","100_Nutrients"
"350","281","A","R1",2018-01-16,2018-01-29,4.1259,4.0511,"G_48","Green","S",75,"75",4,"Ambient","Ac_281_4","0","0"
"352","283","N+P","R1",2017-12-15,2018-01-16,3.1246,3.1406,"G_48","Green","S",62,"62",3,"Nutrients","Ac_283_3","62_N+P","62_Nutrients"
"353","289","N+P","R1",2017-12-15,2018-01-16,2.7564,2.7722,"G_48","Green","S",62,"62",3,"Nutrients","Ac_289_3","62_N+P","62_Nutrients"
"354","281","A","R1",2017-11-16,2017-12-13,3.4594,3.5244,"G_48","Green","S",28,"28",2,"Ambient","Ac_281_2","0","0"
"355","278","N","R2",2018-02-14,2018-02-23,-0.5837,-0.3346,"G_48","Green","S",100,"100",6,"Nutrients","Ac_278_6","100_N","100_Nutrients"
"357","290","A","R2",2018-01-16,2018-01-29,4.2611,4.2534,"G_48","Green","S",75,"75",4,"Ambient","Ac_290_4","0","0"
"359","286","N+P","R2",2018-01-29,2018-02-14,1.8755,1.7675,"G_48","Green","S",91,"91",5,"Nutrients","Ac_286_5","91_N+P","91_Nutrients"
"360","290","A","R2",2017-12-15,2018-01-16,4.1442,4.1558,"G_48","Green","S",62,"62",3,"Ambient","Ac_290_3","0","0"
"361","188","N+P","R2",2018-01-29,2018-02-14,1.5471,1.4396,"G_48","Green","S",91,"91",5,"Nutrients","Ac_188_5","91_N+P","91_Nutrients"
"362","281","A","R1",2017-12-15,2018-01-16,4.2654,4.3018,"G_48","Green","S",62,"62",3,"Ambient","Ac_281_3","0","0"
"363","284","A","R2",2018-02-14,2018-02-23,1.6615,1.8454,"G_48","Green","S",100,"100",6,"Ambient","Ac_284_6","0","0"
"364","285","N","R2",2017-12-15,2018-01-16,1.8689,1.8813,"G_48","Green","S",62,"62",3,"Nutrients","Ac_285_3","62_N","62_Nutrients"
"367","280","N+P","R2",2018-01-29,2018-02-14,1.6701,1.5624,"G_48","Green","S",91,"91",5,"Nutrients","Ac_280_5","91_N+P","91_Nutrients"
"368","187","N","R2",2018-02-14,2018-02-23,0.5661,0.8178,"G_48","Green","S",100,"100",6,"Nutrients","Ac_187_6","100_N","100_Nutrients"
"369","280","N+P","R2",2018-02-14,2018-02-23,-0.6334,-0.4631,"G_48","Green","S",100,"100",6,"Nutrients","Ac_280_6","100_N+P","100_Nutrients"
"371","186","A","R2",2018-02-14,2018-02-23,1.5343,1.718,"G_48","Green","S",100,"100",6,"Ambient","Ac_186_6","0","0"
"372","190","N","R1",2018-01-29,2018-02-14,1.3763,1.2633,"G_48","Green","S",91,"91",5,"Nutrients","Ac_190_5","91_N","91_Nutrients"
"373","179","A","R2",2018-02-14,2018-02-23,1.6762,1.8601,"G_48","Green","S",100,"100",6,"Ambient","Ac_179_6","0","0"
"374","184","N+P","R1",2018-01-29,2018-02-14,1.2766,1.1755,"G_48","Green","S",91,"91",5,"Nutrients","Ac_184_5","91_N+P","91_Nutrients"
"375","184","N+P","R1",2018-02-14,2018-02-23,-0.7309,-0.4797,"G_48","Green","S",100,"100",6,"Nutrients","Ac_184_6","100_N+P","100_Nutrients"
"376","287","A","R1",2017-12-15,2018-01-16,3.9844,4.0204,"G_48","Green","S",62,"62",3,"Ambient","Ac_287_3","0","0"
"377","289","N+P","R1",2018-02-14,2018-02-23,-0.44,-0.1881,"G_48","Green","S",100,"100",6,"Nutrients","Ac_289_6","100_N+P","100_Nutrients"
"378","177","N","R1",2018-01-29,2018-02-14,1.52,1.4068,"G_48","Green","S",91,"91",5,"Nutrients","Ac_177_5","91_N","91_Nutrients"
"379","287","A","R1",2018-01-16,2018-01-29,3.8205,3.746,"G_48","Green","S",75,"75",4,"Ambient","Ac_287_4","0","0"
"381","290","A","R2",2017-11-16,2017-12-13,4.2611,4.315,"G_48","Green","S",28,"28",2,"Ambient","Ac_290_2","0","0"
"382","285","N","R2",2018-02-14,2018-02-23,-1.2721,-1.0246,"G_48","Green","S",100,"100",6,"Nutrients","Ac_285_6","100_N","100_Nutrients"
"384","284","A","R2",2018-01-29,2018-02-14,3.0012,2.8462,"G_48","Green","S",91,"91",5,"Ambient","Ac_284_5","0","0"
"385","286","N+P","R2",2017-12-15,2018-01-16,2.6216,2.6464,"G_48","Green","S",62,"62",3,"Nutrients","Ac_286_3","62_N+P","62_Nutrients"
"386","287","A","R1",2017-11-16,2017-12-13,2.8162,2.8801,"G_48","Green","S",28,"28",2,"Ambient","Ac_287_2","0","0"
"388","178","N+P","R1",2018-01-29,2018-02-14,2.4261,2.3233,"G_48","Green","S",91,"91",5,"Nutrients","Ac_178_5","91_N+P","91_Nutrients"
"389","155","N+P","R2",2017-08-30,2017-10-18,5.2515,5.2561,"G_31","Orange","R",-28,"-28",1,"Nutrients","Ac_155_1",NA,"0"
"390","152","A","R2",2018-02-14,2018-02-23,1.9417,2.126,"G_31","Orange","R",100,"100",6,"Ambient","Ac_152_6","0","0"
"393","151","N+P","R1",2017-08-30,2017-10-18,2.8979,2.8903,"G_31","Orange","R",-28,"-28",1,"Nutrients","Ac_151_1",NA,"0"
"394","247","N+P","R2",2017-08-30,2017-10-18,5.2033,5.2027,"G_31","Orange","R",-28,"-28",1,"Nutrients","Ac_247_1",NA,"0"
"395","250","N+P","R1",2017-08-30,2017-10-18,5.8918,5.8779,"G_31","Orange","R",-28,"-28",1,"Nutrients","Ac_250_1",NA,"0"
"396","159","N+P","R1",2017-08-30,2017-10-18,4.8265,4.8182,"G_31","Orange","R",-28,"-28",1,"Nutrients","Ac_159_1",NA,"0"
"397","248","A","R1",2017-08-30,2017-10-18,4.0645,4.0467,"G_31","Orange","R",-28,"-28",1,"Ambient","Ac_248_1","0","0"
"398","299","N","R2",2018-01-29,2018-02-14,0.4412,0.2997,"G_31","Orange","R",91,"91",5,"Nutrients","Ac_299_5","91_N","91_Nutrients"
"399","152","A","R2",2017-08-30,2017-10-18,4.3037,4.3001,"G_31","Orange","R",-28,"-28",1,"Ambient","Ac_152_1","0","0"
"400","154","N","R2",2018-01-29,2018-02-14,0.1549,0.014,"G_31","Orange","R",91,"91",5,"Nutrients","Ac_154_5","91_N","91_Nutrients"
"401","157","A","R1",2017-08-30,2017-10-18,3.2921,3.2796,"G_31","Orange","R",-28,"-28",1,"Ambient","Ac_157_1","0","0"
"402","299","N","R2",2017-08-30,2017-10-18,2.1317,2.141,"G_31","Orange","R",-28,"-28",1,"Nutrients","Ac_299_1",NA,"0"
"403","150","N","R1",2018-02-14,2018-02-23,-1.6664,-1.4323,"G_31","Orange","R",100,"100",6,"Nutrients","Ac_150_6","100_N","100_Nutrients"
"405","152","A","R2",2017-11-16,2017-12-13,4.8594,4.9141,"G_31","Orange","R",28,"28",2,"Ambient","Ac_152_2","0","0"
"406","150","N","R1",2017-11-16,2017-12-13,3.5738,3.6512,"G_31","Orange","R",28,"28",2,"Nutrients","Ac_150_2","28_N","28_Nutrients"
"407","158","N","R1",2017-11-16,2017-12-13,2.8964,2.9725,"G_31","Orange","R",28,"28",2,"Nutrients","Ac_158_2","28_N","28_Nutrients"
"410","149","A","R1",2017-08-30,2017-10-18,3.8446,3.8318,"G_31","Orange","R",-28,"-28",1,"Ambient","Ac_149_1","0","0"
"411","150","N","R1",2018-01-29,2018-02-14,0.252,0.141,"G_31","Orange","R",91,"91",5,"Nutrients","Ac_150_5","91_N","91_Nutrients"
"412","249","N","R1",2018-01-29,2018-02-14,0.6641,0.5524,"G_31","Orange","R",91,"91",5,"Nutrients","Ac_249_5","91_N","91_Nutrients"
"414","160","A","R2",2017-12-15,2018-01-16,3.7705,3.782,"G_31","Orange","R",62,"62",3,"Ambient","Ac_160_3","0","0"
"415","249","N","R1",2017-12-15,2018-01-16,2.3748,2.385,"G_31","Orange","R",62,"62",3,"Nutrients","Ac_249_3","62_N","62_Nutrients"
"417","249","N","R1",2017-11-16,2017-12-13,3.7529,3.8306,"G_31","Orange","R",28,"28",2,"Nutrients","Ac_249_2","28_N","28_Nutrients"
"419","158","N","R1",2017-08-30,2017-10-18,4.445,4.4342,"G_31","Orange","R",-28,"-28",1,"Nutrients","Ac_158_1",NA,"0"
"420","150","N","R1",2017-08-30,2017-10-18,3.0523,3.042,"G_31","Orange","R",-28,"-28",1,"Nutrients","Ac_150_1",NA,"0"
"422","154","N","R2",2017-08-30,2017-10-18,4.8534,4.852,"G_31","Orange","R",-28,"-28",1,"Nutrients","Ac_154_1",NA,"0"
"423","246","N","R2",2017-08-30,2017-10-18,5.255,5.2484,"G_31","Orange","R",-28,"-28",1,"Nutrients","Ac_246_1",NA,"0"
"424","157","A","R1",2018-02-14,2018-02-23,2.9316,3.1725,"G_31","Orange","R",100,"100",6,"Ambient","Ac_157_6","0","0"
"425","248","A","R1",2018-02-14,2018-02-23,2.1003,2.3394,"G_31","Orange","R",100,"100",6,"Ambient","Ac_248_6","0","0"
"426","158","N","R1",2017-12-15,2018-01-16,2.0229,2.033,"G_31","Orange","R",62,"62",3,"Nutrients","Ac_158_3","62_N","62_Nutrients"
"427","154","N","R2",2018-01-16,2018-01-29,0.9339,0.951,"G_31","Orange","R",75,"75",4,"Nutrients","Ac_154_4","75_N","75_Nutrients"
"428","152","A","R2",2018-01-29,2018-02-14,2.5512,2.3972,"G_31","Orange","R",91,"91",5,"Ambient","Ac_152_5","0","0"
"429","160","A","R2",2018-01-29,2018-02-14,3.0132,2.858,"G_31","Orange","R",91,"91",5,"Ambient","Ac_160_5","0","0"
"430","160","A","R2",2017-11-16,2017-12-13,5.1432,5.1983,"G_31","Orange","R",28,"28",2,"Ambient","Ac_160_2","0","0"
"431","160","A","R2",2018-02-14,2018-02-23,2.0988,2.2834,"G_31","Orange","R",100,"100",6,"Ambient","Ac_160_6","0","0"
"432","157","A","R1",2018-01-29,2018-02-14,3.5446,3.4326,"G_31","Orange","R",91,"91",5,"Ambient","Ac_157_5","0","0"
"434","248","A","R1",2018-01-29,2018-02-14,3.2271,3.1157,"G_31","Orange","R",91,"91",5,"Ambient","Ac_248_5","0","0"
"435","249","N","R1",2017-08-30,2017-10-18,4.7479,4.7319,"G_31","Orange","R",-28,"-28",1,"Nutrients","Ac_249_1",NA,"0"
"436","155","N+P","R2",2018-02-14,2018-02-23,-1.6507,-1.482,"G_31","Orange","R",100,"100",6,"Nutrients","Ac_155_6","100_N+P","100_Nutrients"
"437","159","N+P","R1",2017-11-16,2017-12-13,3.6447,3.6956,"G_31","Orange","R",28,"28",2,"Nutrients","Ac_159_2","28_N+P","28_Nutrients"
"438","250","N+P","R1",2017-11-16,2017-12-13,4.678,4.7301,"G_31","Orange","R",28,"28",2,"Nutrients","Ac_250_2","28_N+P","28_Nutrients"
"440","150","N","R1",2017-12-15,2018-01-16,2.8494,2.8598,"G_31","Orange","R",62,"62",3,"Nutrients","Ac_150_3","62_N","62_Nutrients"
"441","155","N+P","R2",2017-11-16,2017-12-13,6.958,7.0219,"G_31","Orange","R",28,"28",2,"Nutrients","Ac_155_2","28_N+P","28_Nutrients"
"442","250","N+P","R1",2018-01-29,2018-02-14,1.3031,1.202,"G_31","Orange","R",91,"91",5,"Nutrients","Ac_250_5","91_N+P","91_Nutrients"
"443","247","N+P","R2",2017-11-16,2017-12-13,3.8637,3.9231,"G_31","Orange","R",28,"28",2,"Nutrients","Ac_247_2","28_N+P","28_Nutrients"
"444","155","N+P","R2",2018-01-16,2018-01-29,3.2347,3.2571,"G_31","Orange","R",75,"75",4,"Nutrients","Ac_155_4","75_N+P","75_Nutrients"
"445","247","N+P","R2",2018-01-16,2018-01-29,0.5449,0.5665,"G_31","Orange","R",75,"75",4,"Nutrients","Ac_247_4","75_N+P","75_Nutrients"
"446","246","N","R2",2017-12-15,2018-01-16,0.2731,0.2849,"G_31","Orange","R",62,"62",3,"Nutrients","Ac_246_3","62_N","62_Nutrients"
"447","160","A","R2",2017-08-30,2017-10-18,4.7624,4.7586,"G_31","Orange","R",-28,"-28",1,"Ambient","Ac_160_1","0","0"
"450","151","N+P","R1",2017-11-16,2017-12-13,3.0855,3.1356,"G_31","Orange","R",28,"28",2,"Nutrients","Ac_151_2","28_N+P","28_Nutrients"
"453","150","N","R1",2018-01-16,2018-01-29,1.3982,1.3431,"G_31","Orange","R",75,"75",4,"Nutrients","Ac_150_4","75_N","75_Nutrients"
"454","152","A","R2",2017-12-15,2018-01-16,3.3492,3.3606,"G_31","Orange","R",62,"62",3,"Ambient","Ac_152_3","0","0"
"455","249","N","R1",2018-01-16,2018-01-29,1.4294,1.3743,"G_31","Orange","R",75,"75",4,"Nutrients","Ac_249_4","75_N","75_Nutrients"
"456","246","N","R2",2018-01-16,2018-01-29,0.0496,0.0665,"G_31","Orange","R",75,"75",4,"Nutrients","Ac_246_4","75_N","75_Nutrients"
"458","246","N","R2",2017-11-16,2017-12-13,2.2037,2.2544,"G_31","Orange","R",28,"28",2,"Nutrients","Ac_246_2","28_N","28_Nutrients"
"459","154","N","R2",2017-12-15,2018-01-16,0.7769,0.7888,"G_31","Orange","R",62,"62",3,"Nutrients","Ac_154_3","62_N","62_Nutrients"
"460","151","N+P","R1",2018-01-16,2018-01-29,-0.1289,-0.1534,"G_31","Orange","R",75,"75",4,"Nutrients","Ac_151_4","75_N+P","75_Nutrients"
"462","155","N+P","R2",2017-12-15,2018-01-16,3.3735,3.3988,"G_31","Orange","R",62,"62",3,"Nutrients","Ac_155_3","62_N+P","62_Nutrients"
"463","149","A","R1",2017-11-16,2017-12-13,5.0585,5.126,"G_31","Orange","R",28,"28",2,"Ambient","Ac_149_2","0","0"
"465","248","A","R1",2017-11-16,2017-12-13,4.2498,4.316,"G_31","Orange","R",28,"28",2,"Ambient","Ac_248_2","0","0"
"466","159","N+P","R1",2017-12-15,2018-01-16,0.7797,0.7946,"G_31","Orange","R",62,"62",3,"Nutrients","Ac_159_3","62_N+P","62_Nutrients"
"467","155","N+P","R2",2018-01-29,2018-02-14,2.1076,1.9991,"G_31","Orange","R",91,"91",5,"Nutrients","Ac_155_5","91_N+P","91_Nutrients"
"468","247","N+P","R2",2018-01-29,2018-02-14,0.3631,0.2576,"G_31","Orange","R",91,"91",5,"Nutrients","Ac_247_5","91_N+P","91_Nutrients"
"469","151","N+P","R1",2018-01-29,2018-02-14,0.6242,0.5241,"G_31","Orange","R",91,"91",5,"Nutrients","Ac_151_5","91_N+P","91_Nutrients"
"470","160","A","R2",2018-01-16,2018-01-29,3.5329,3.5253,"G_31","Orange","R",75,"75",4,"Ambient","Ac_160_4","0","0"
"471","299","N","R2",2017-12-15,2018-01-16,1.6361,1.6484,"G_31","Orange","R",62,"62",3,"Nutrients","Ac_299_3","62_N","62_Nutrients"
"473","299","N","R2",2018-01-16,2018-01-29,-0.728,-0.7112,"G_31","Orange","R",75,"75",4,"Nutrients","Ac_299_4","75_N","75_Nutrients"
"474","158","N","R1",2018-01-16,2018-01-29,1.6638,1.6085,"G_31","Orange","R",75,"75",4,"Nutrients","Ac_158_4","75_N","75_Nutrients"
"475","299","N","R2",2017-11-16,2017-12-13,1.9249,1.9753,"G_31","Orange","R",28,"28",2,"Nutrients","Ac_299_2","28_N","28_Nutrients"
"476","248","A","R1",2017-12-15,2018-01-16,4.9471,4.9841,"G_31","Orange","R",62,"62",3,"Ambient","Ac_248_3","0","0"
"477","157","A","R1",2017-11-16,2017-12-13,4.3435,4.4098,"G_31","Orange","R",28,"28",2,"Ambient","Ac_157_2","0","0"
"478","152","A","R2",2018-01-16,2018-01-29,3.58,3.5723,"G_31","Orange","R",75,"75",4,"Ambient","Ac_152_4","0","0"
"480","248","A","R1",2018-01-16,2018-01-29,4.4142,4.3391,"G_31","Orange","R",75,"75",4,"Ambient","Ac_248_4","0","0"
"481","250","N+P","R1",2018-02-14,2018-02-23,-0.4691,-0.2173,"G_31","Orange","R",100,"100",6,"Nutrients","Ac_250_6","100_N+P","100_Nutrients"
"482","154","N","R2",2017-11-16,2017-12-13,3.7839,3.8367,"G_31","Orange","R",28,"28",2,"Nutrients","Ac_154_2","28_N","28_Nutrients"
"483","250","N+P","R1",2017-12-15,2018-01-16,0.9037,0.9186,"G_31","Orange","R",62,"62",3,"Nutrients","Ac_250_3","62_N+P","62_Nutrients"
"484","149","A","R1",2018-01-16,2018-01-29,4.9904,4.9148,"G_31","Orange","R",75,"75",4,"Ambient","Ac_149_4","0","0"
"485","151","N+P","R1",2017-12-15,2018-01-16,0.1949,0.2096,"G_31","Orange","R",62,"62",3,"Nutrients","Ac_151_3","62_N+P","62_Nutrients"
"486","157","A","R1",2018-01-16,2018-01-29,4.2203,4.1454,"G_31","Orange","R",75,"75",4,"Ambient","Ac_157_4","0","0"
"487","247","N+P","R2",2017-12-15,2018-01-16,1.5707,1.5947,"G_31","Orange","R",62,"62",3,"Nutrients","Ac_247_3","62_N+P","62_Nutrients"
"488","157","A","R1",2017-12-15,2018-01-16,4.6615,4.6983,"G_31","Orange","R",62,"62",3,"Ambient","Ac_157_3","0","0"
"489","250","N+P","R1",2018-01-16,2018-01-29,1.0045,0.9796,"G_31","Orange","R",75,"75",4,"Nutrients","Ac_250_4","75_N+P","75_Nutrients"
"491","149","A","R1",2017-12-15,2018-01-16,6.3369,6.3754,"G_31","Orange","R",62,"62",3,"Ambient","Ac_149_3","0","0"
"492","159","N+P","R1",2018-01-16,2018-01-29,0.6306,0.6059,"G_31","Orange","R",75,"75",4,"Nutrients","Ac_159_4","75_N+P","75_Nutrients"
"493","168","N+P","R2",2017-08-30,2017-10-18,3.9868,3.9916,"G_07","Red and Orange","S",-28,"-28",1,"Nutrients","Ac_168_1",NA,"0"
"494","166","A","R2",2017-11-16,2017-12-13,3.6481,3.7013,"G_07","Red and Orange","S",28,"28",2,"Ambient","Ac_166_2","0","0"
"495","164","N","R1",2017-11-16,2017-12-13,1.5721,1.6457,"G_07","Red and Orange","S",28,"28",2,"Nutrients","Ac_164_2","28_N","28_Nutrients"
"496","170","N","R1",2017-11-16,2017-12-13,1.7878,1.8618,"G_07","Red and Orange","S",28,"28",2,"Nutrients","Ac_170_2","28_N","28_Nutrients"
"497","171","N+P","R1",2017-08-30,2017-10-18,3.9631,3.9556,"G_07","Red and Orange","S",-28,"-28",1,"Nutrients","Ac_171_1",NA,"0"
"498","175","N+P","R2",2017-08-30,2017-10-18,5.3393,5.3444,"G_07","Red and Orange","S",-28,"-28",1,"Nutrients","Ac_175_1",NA,"0"
"499","265","N","R2",2017-08-30,2017-10-18,2.259,2.2537,"G_07","Red and Orange","S",-28,"-28",1,"Nutrients","Ac_265_1",NA,"0"
"500","165","N+P","R1",2017-08-30,2017-10-18,4.5641,4.5495,"G_07","Red and Orange","S",-28,"-28",1,"Nutrients","Ac_165_1",NA,"0"
"503","263","N+P","R1",2017-08-30,2017-10-18,5.925,5.9116,"G_07","Red and Orange","S",-28,"-28",1,"Nutrients","Ac_263_1",NA,"0"
"504","162","A","R1",2018-01-29,2018-02-14,2.2296,2.1199,"G_07","Red and Orange","S",91,"91",5,"Ambient","Ac_162_5","0","0"
"507","167","N","R2",2017-08-30,2017-10-18,4.5931,4.5853,"G_07","Red and Orange","S",-28,"-28",1,"Nutrients","Ac_167_1",NA,"0"
"508","273","A","R1",2017-11-16,2017-12-13,2.8779,2.9419,"G_07","Red and Orange","S",28,"28",2,"Ambient","Ac_273_2","0","0"
"509","166","A","R2",2017-08-30,2017-10-18,4.1349,4.1249,"G_07","Red and Orange","S",-28,"-28",1,"Ambient","Ac_166_1","0","0"
"512","162","A","R1",2017-08-30,2017-10-18,4.2765,4.2634,"G_07","Red and Orange","S",-28,"-28",1,"Ambient","Ac_162_1","0","0"
"515","173","A","R2",2017-08-30,2017-10-18,4.0576,4.0545,"G_07","Red and Orange","S",-28,"-28",1,"Ambient","Ac_173_1","0","0"
"517","173","A","R2",2017-12-15,2018-01-16,2.8165,2.8277,"G_07","Red and Orange","S",62,"62",3,"Ambient","Ac_173_3","0","0"
"518","266","N+P","R2",2017-08-30,2017-10-18,3.4744,3.4744,"G_07","Red and Orange","S",-28,"-28",1,"Nutrients","Ac_266_1",NA,"0"
"519","162","A","R1",2018-02-14,2018-02-23,1.2376,1.4749,"G_07","Red and Orange","S",100,"100",6,"Ambient","Ac_162_6","0","0"
"520","169","A","R1",2018-02-14,2018-02-23,1.162,1.3991,"G_07","Red and Orange","S",100,"100",6,"Ambient","Ac_169_6","0","0"
"522","165","N+P","R1",2017-11-16,2017-12-13,3.1231,3.1733,"G_07","Red and Orange","S",28,"28",2,"Nutrients","Ac_165_2","28_N+P","28_Nutrients"
"523","164","N","R1",2017-12-15,2018-01-16,0.8565,0.8662,"G_07","Red and Orange","S",62,"62",3,"Nutrients","Ac_164_3","62_N","62_Nutrients"
"524","170","N","R1",2017-12-15,2018-01-16,1.3434,1.3533,"G_07","Red and Orange","S",62,"62",3,"Nutrients","Ac_170_3","62_N","62_Nutrients"
"525","174","N","R2",2017-08-30,2017-10-18,4.7852,4.7843,"G_07","Red and Orange","S",-28,"-28",1,"Nutrients","Ac_174_1",NA,"0"
"526","268","N","R1",2017-08-30,2017-10-18,3.2415,3.2269,"G_07","Red and Orange","S",-28,"-28",1,"Nutrients","Ac_268_1",NA,"0"
"527","175","N+P","R2",2018-01-16,2018-01-29,1.6396,1.6615,"G_07","Red and Orange","S",75,"75",4,"Nutrients","Ac_175_4","75_N+P","75_Nutrients"
"528","264","A","R2",2018-02-14,2018-02-23,0.9627,1.1455,"G_07","Red and Orange","S",100,"100",6,"Ambient","Ac_264_6","0","0"
"529","169","A","R1",2017-08-30,2017-10-18,4.0137,4.0013,"G_07","Red and Orange","S",-28,"-28",1,"Ambient","Ac_169_1","0","0"
"530","168","N+P","R2",2018-01-16,2018-01-29,1.0029,1.0247,"G_07","Red and Orange","S",75,"75",4,"Nutrients","Ac_168_4","75_N+P","75_Nutrients"
"531","169","A","R1",2018-01-29,2018-02-14,1.8175,1.7085,"G_07","Red and Orange","S",91,"91",5,"Ambient","Ac_169_5","0","0"
"532","169","A","R1",2017-11-16,2017-12-13,2.8689,2.9329,"G_07","Red and Orange","S",28,"28",2,"Ambient","Ac_169_2","0","0"
"533","261","A","R1",2017-11-16,2017-12-13,2.9952,3.0594,"G_07","Red and Orange","S",28,"28",2,"Ambient","Ac_261_2","0","0"
"534","267","A","R1",2017-11-16,2017-12-13,2.2392,2.3022,"G_07","Red and Orange","S",28,"28",2,"Ambient","Ac_267_2","0","0"
"535","171","N+P","R1",2017-11-16,2017-12-13,2.701,2.7507,"G_07","Red and Orange","S",28,"28",2,"Nutrients","Ac_171_2","28_N+P","28_Nutrients"
"536","263","N+P","R1",2017-11-16,2017-12-13,3.8068,3.8579,"G_07","Red and Orange","S",28,"28",2,"Nutrients","Ac_263_2","28_N+P","28_Nutrients"
"537","269","N+P","R1",2017-11-16,2017-12-13,1.6079,1.6562,"G_07","Red and Orange","S",28,"28",2,"Nutrients","Ac_269_2","28_N+P","28_Nutrients"
"538","262","N","R1",2017-12-15,2018-01-16,1.071,1.0808,"G_07","Red and Orange","S",62,"62",3,"Nutrients","Ac_262_3","62_N","62_Nutrients"
"539","268","N","R1",2017-12-15,2018-01-16,1.2617,1.2715,"G_07","Red and Orange","S",62,"62",3,"Nutrients","Ac_268_3","62_N","62_Nutrients"
"540","274","N","R1",2017-12-15,2018-01-16,1.7297,1.7397,"G_07","Red and Orange","S",62,"62",3,"Nutrients","Ac_274_3","62_N","62_Nutrients"
"541","173","A","R2",2018-02-14,2018-02-23,0.5736,0.7557,"G_07","Red and Orange","S",100,"100",6,"Ambient","Ac_173_6","0","0"
"542","272","N+P","R2",2017-08-30,2017-10-18,2.2892,2.2892,"G_07","Red and Orange","S",-28,"-28",1,"Nutrients","Ac_272_1",NA,"0"
"543","170","N","R1",2017-08-30,2017-10-18,3.9115,3.9014,"G_07","Red and Orange","S",-28,"-28",1,"Nutrients","Ac_170_1",NA,"0"
"544","162","A","R1",2017-11-16,2017-12-13,3.4608,3.5258,"G_07","Red and Orange","S",28,"28",2,"Ambient","Ac_162_2","0","0"
"547","262","N","R1",2017-08-30,2017-10-18,2.0854,2.0716,"G_07","Red and Orange","S",-28,"-28",1,"Nutrients","Ac_262_1",NA,"0"
"548","166","A","R2",2017-12-15,2018-01-16,2.634,2.6452,"G_07","Red and Orange","S",62,"62",3,"Ambient","Ac_166_3","0","0"
"549","170","N","R1",2018-01-16,2018-01-29,0.9947,0.9398,"G_07","Red and Orange","S",75,"75",4,"Nutrients","Ac_170_4","75_N","75_Nutrients"
"550","168","N+P","R2",2017-11-16,2017-12-13,1.5994,1.6555,"G_07","Red and Orange","S",28,"28",2,"Nutrients","Ac_168_2","28_N+P","28_Nutrients"
"554","261","A","R1",2017-08-30,2017-10-18,3.6414,3.6239,"G_07","Red and Orange","S",-28,"-28",1,"Ambient","Ac_261_1","0","0"
"556","164","N","R1",2017-08-30,2017-10-18,4.7624,4.7449,"G_07","Red and Orange","S",-28,"-28",1,"Nutrients","Ac_164_1",NA,"0"
"558","171","N+P","R1",2017-12-15,2018-01-16,0.7186,0.7334,"G_07","Red and Orange","S",62,"62",3,"Nutrients","Ac_171_3","62_N+P","62_Nutrients"
"559","263","N+P","R1",2017-12-15,2018-01-16,1.3234,1.3385,"G_07","Red and Orange","S",62,"62",3,"Nutrients","Ac_263_3","62_N+P","62_Nutrients"
"560","269","N+P","R1",2017-12-15,2018-01-16,0.5072,0.522,"G_07","Red and Orange","S",62,"62",3,"Nutrients","Ac_269_3","62_N+P","62_Nutrients"
"561","261","A","R1",2018-01-29,2018-02-14,1.9678,1.8586,"G_07","Red and Orange","S",91,"91",5,"Ambient","Ac_261_5","0","0"
"562","273","A","R1",2018-01-29,2018-02-14,1.8165,1.7075,"G_07","Red and Orange","S",91,"91",5,"Ambient","Ac_273_5","0","0"
"563","274","N","R1",2017-08-30,2017-10-18,6.593,6.5938,"G_07","Red and Orange","S",-28,"-28",1,"Nutrients","Ac_274_1",NA,"0"
"564","264","A","R2",2017-12-15,2018-01-16,2.5269,2.538,"G_07","Red and Orange","S",62,"62",3,"Ambient","Ac_264_3","0","0"
"565","270","A","R2",2017-12-15,2018-01-16,2.6203,2.6314,"G_07","Red and Orange","S",62,"62",3,"Ambient","Ac_270_3","0","0"
"566","173","A","R2",2017-11-16,2017-12-13,3.694,3.7472,"G_07","Red and Orange","S",28,"28",2,"Ambient","Ac_173_2","0","0"
"567","264","A","R2",2017-11-16,2017-12-13,3.3968,3.4496,"G_07","Red and Orange","S",28,"28",2,"Ambient","Ac_264_2","0","0"
"568","269","N+P","R1",2017-08-30,2017-10-18,3.3762,3.3641,"G_07","Red and Orange","S",-28,"-28",1,"Nutrients","Ac_269_1",NA,"0"
"570","165","N+P","R1",2017-12-15,2018-01-16,1.2252,1.2403,"G_07","Red and Orange","S",62,"62",3,"Nutrients","Ac_165_3","62_N+P","62_Nutrients"
"571","274","N","R1",2017-11-16,2017-12-13,2.0897,2.1643,"G_07","Red and Orange","S",28,"28",2,"Nutrients","Ac_274_2","28_N","28_Nutrients"
"572","264","A","R2",2017-08-30,2017-10-18,3.6662,3.6583,"G_07","Red and Orange","S",-28,"-28",1,"Ambient","Ac_264_1","0","0"
"573","270","A","R2",2017-08-30,2017-10-18,3.9301,3.9222,"G_07","Red and Orange","S",-28,"-28",1,"Ambient","Ac_270_1","0","0"
"574","271","N","R2",2017-11-16,2017-12-13,1.992,2.0425,"G_07","Red and Orange","S",28,"28",2,"Nutrients","Ac_271_2","28_N","28_Nutrients"
"575","264","A","R2",2018-01-16,2018-01-29,3.064,3.0564,"G_07","Red and Orange","S",75,"75",4,"Ambient","Ac_264_4","0","0"
"579","271","N","R2",2017-08-30,2017-10-18,3.4047,3.3991,"G_07","Red and Orange","S",-28,"-28",1,"Nutrients","Ac_271_1",NA,"0"
"581","270","A","R2",2017-11-16,2017-12-13,3.7353,3.7886,"G_07","Red and Orange","S",28,"28",2,"Ambient","Ac_270_2","0","0"
"582","266","N+P","R2",2018-01-16,2018-01-29,1.0664,1.0882,"G_07","Red and Orange","S",75,"75",4,"Nutrients","Ac_266_4","75_N+P","75_Nutrients"
"584","167","N","R2",2017-11-16,2017-12-13,2.2091,2.2598,"G_07","Red and Orange","S",28,"28",2,"Nutrients","Ac_167_2","28_N","28_Nutrients"
"585","174","N","R2",2017-11-16,2017-12-13,2.5362,2.5874,"G_07","Red and Orange","S",28,"28",2,"Nutrients","Ac_174_2","28_N","28_Nutrients"
"586","265","N","R2",2017-11-16,2017-12-13,1.5992,1.6492,"G_07","Red and Orange","S",28,"28",2,"Nutrients","Ac_265_2","28_N","28_Nutrients"
"587","173","A","R2",2018-01-16,2018-01-29,2.9168,2.9092,"G_07","Red and Orange","S",75,"75",4,"Ambient","Ac_173_4","0","0"
"589","270","A","R2",2018-01-16,2018-01-29,2.7418,2.7342,"G_07","Red and Orange","S",75,"75",4,"Ambient","Ac_270_4","0","0"
"590","165","N+P","R1",2018-01-29,2018-02-14,1.0786,0.9778,"G_07","Red and Orange","S",91,"91",5,"Nutrients","Ac_165_5","91_N+P","91_Nutrients"
"591","175","N+P","R2",2017-11-16,2017-12-13,2.2963,2.3534,"G_07","Red and Orange","S",28,"28",2,"Nutrients","Ac_175_2","28_N+P","28_Nutrients"
"592","266","N+P","R2",2017-11-16,2017-12-13,2.0872,2.144,"G_07","Red and Orange","S",28,"28",2,"Nutrients","Ac_266_2","28_N+P","28_Nutrients"
"593","272","N+P","R2",2017-11-16,2017-12-13,1.4234,1.4792,"G_07","Red and Orange","S",28,"28",2,"Nutrients","Ac_272_2","28_N+P","28_Nutrients"
"594","274","N","R1",2018-01-16,2018-01-29,0.8817,0.8269,"G_07","Red and Orange","S",75,"75",4,"Nutrients","Ac_274_4","75_N","75_Nutrients"
"596","273","A","R1",2017-08-30,2017-10-18,3.6706,3.6536,"G_07","Red and Orange","S",-28,"-28",1,"Ambient","Ac_273_1","0","0"
"598","162","A","R1",2017-12-15,2018-01-16,2.8911,2.926,"G_07","Red and Orange","S",62,"62",3,"Ambient","Ac_162_3","0","0"
"601","273","A","R1",2017-12-15,2018-01-16,2.9348,2.9698,"G_07","Red and Orange","S",62,"62",3,"Ambient","Ac_273_3","0","0"
"603","261","A","R1",2018-02-14,2018-02-23,1.2464,1.4837,"G_07","Red and Orange","S",100,"100",6,"Ambient","Ac_261_6","0","0"
"604","166","A","R2",2018-01-29,2018-02-14,2.0476,1.8948,"G_07","Red and Orange","S",91,"91",5,"Ambient","Ac_166_5","0","0"
"605","174","N","R2",2018-01-16,2018-01-29,-0.9472,-0.9096,"G_07","Red and Orange","S",75,"75",4,"Nutrients","Ac_174_4","75_N","75_Nutrients"
"606","265","N","R2",2018-01-16,2018-01-29,-0.0895,-0.0726,"G_07","Red and Orange","S",75,"75",4,"Nutrients","Ac_265_4","75_N","75_Nutrients"
"607","173","A","R2",2018-01-29,2018-02-14,2.223,2.0698,"G_07","Red and Orange","S",91,"91",5,"Ambient","Ac_173_5","0","0"
"608","267","A","R1",2017-08-30,2017-10-18,2.3058,2.2897,"G_07","Red and Orange","S",-28,"-28",1,"Ambient","Ac_267_1","0","0"
"609","262","N","R1",2017-11-16,2017-12-13,1.5357,1.6092,"G_07","Red and Orange","S",28,"28",2,"Nutrients","Ac_262_2","28_N","28_Nutrients"
"610","268","N","R1",2017-11-16,2017-12-13,1.8057,1.8797,"G_07","Red and Orange","S",28,"28",2,"Nutrients","Ac_268_2","28_N","28_Nutrients"
"611","171","N+P","R1",2018-01-16,2018-01-29,0.6383,0.6135,"G_07","Red and Orange","S",75,"75",4,"Nutrients","Ac_171_4","75_N+P","75_Nutrients"
"612","169","A","R1",2017-12-15,2018-01-16,2.0243,2.0584,"G_07","Red and Orange","S",62,"62",3,"Ambient","Ac_169_3","0","0"
"613","267","A","R1",2017-12-15,2018-01-16,2.2964,2.3307,"G_07","Red and Orange","S",62,"62",3,"Ambient","Ac_267_3","0","0"
"614","168","N+P","R2",2017-12-15,2018-01-16,0.7847,0.8082,"G_07","Red and Orange","S",62,"62",3,"Nutrients","Ac_168_3","62_N+P","62_Nutrients"
"615","175","N+P","R2",2017-12-15,2018-01-16,0.7728,0.7963,"G_07","Red and Orange","S",62,"62",3,"Nutrients","Ac_175_3","62_N+P","62_Nutrients"
"616","170","N","R1",2018-01-29,2018-02-14,0.2788,0.1678,"G_07","Red and Orange","S",91,"91",5,"Nutrients","Ac_170_5","91_N","91_Nutrients"
"617","262","N","R1",2018-01-29,2018-02-14,0.4017,0.2904,"G_07","Red and Orange","S",91,"91",5,"Nutrients","Ac_262_5","91_N","91_Nutrients"
"618","274","N","R1",2018-01-29,2018-02-14,0.8504,0.7383,"G_07","Red and Orange","S",91,"91",5,"Nutrients","Ac_274_5","91_N","91_Nutrients"
"619","268","N","R1",2018-01-16,2018-01-29,0.9288,0.874,"G_07","Red and Orange","S",75,"75",4,"Nutrients","Ac_268_4","75_N","75_Nutrients"
"620","171","N+P","R1",2018-01-29,2018-02-14,0.9459,0.8453,"G_07","Red and Orange","S",91,"91",5,"Nutrients","Ac_171_5","91_N+P","91_Nutrients"
"621","166","A","R2",2018-02-14,2018-02-23,0.6444,0.8266,"G_07","Red and Orange","S",100,"100",6,"Ambient","Ac_166_6","0","0"
"622","174","N","R2",2017-12-15,2018-01-16,0.7721,0.784,"G_07","Red and Orange","S",62,"62",3,"Nutrients","Ac_174_3","62_N","62_Nutrients"
"623","165","N+P","R1",2018-01-16,2018-01-29,1.2841,1.2591,"G_07","Red and Orange","S",75,"75",4,"Nutrients","Ac_165_4","75_N+P","75_Nutrients"
"624","162","A","R1",2018-01-16,2018-01-29,2.4578,2.3845,"G_07","Red and Orange","S",75,"75",4,"Ambient","Ac_162_4","0","0"
"628","166","A","R2",2018-01-16,2018-01-29,2.5171,2.5095,"G_07","Red and Orange","S",75,"75",4,"Ambient","Ac_166_4","0","0"
"629","164","N","R1",2018-01-16,2018-01-29,0.662,0.6074,"G_07","Red and Orange","S",75,"75",4,"Nutrients","Ac_164_4","75_N","75_Nutrients"
"630","266","N+P","R2",2017-12-15,2018-01-16,0.6189,0.6422,"G_07","Red and Orange","S",62,"62",3,"Nutrients","Ac_266_3","62_N+P","62_Nutrients"
"631","262","N","R1",2018-01-16,2018-01-29,1.1343,1.0794,"G_07","Red and Orange","S",75,"75",4,"Nutrients","Ac_262_4","75_N","75_Nutrients"
"632","273","A","R1",2018-02-14,2018-02-23,1.1335,1.3706,"G_07","Red and Orange","S",100,"100",6,"Ambient","Ac_273_6","0","0"
"633","264","A","R2",2018-01-29,2018-02-14,2.3743,2.2207,"G_07","Red and Orange","S",91,"91",5,"Ambient","Ac_264_5","0","0"
"634","263","N+P","R1",2018-01-29,2018-02-14,0.9768,0.8763,"G_07","Red and Orange","S",91,"91",5,"Nutrients","Ac_263_5","91_N+P","91_Nutrients"
"635","271","N","R2",2018-01-16,2018-01-29,-0.0693,-0.0524,"G_07","Red and Orange","S",75,"75",4,"Nutrients","Ac_271_4","75_N","75_Nutrients"
"636","167","N","R2",2017-12-15,2018-01-16,0.74,0.7519,"G_07","Red and Orange","S",62,"62",3,"Nutrients","Ac_167_3","62_N","62_Nutrients"
"637","267","A","R1",2018-01-16,2018-01-29,2.1489,2.076,"G_07","Red and Orange","S",75,"75",4,"Ambient","Ac_267_4","0","0"
"638","263","N+P","R1",2018-01-16,2018-01-29,2.1692,2.1439,"G_07","Red and Orange","S",75,"75",4,"Nutrients","Ac_263_4","75_N+P","75_Nutrients"
"639","269","N+P","R1",2018-01-16,2018-01-29,0.5009,0.4761,"G_07","Red and Orange","S",75,"75",4,"Nutrients","Ac_269_4","75_N+P","75_Nutrients"
"640","273","A","R1",2018-01-16,2018-01-29,2.3283,2.2552,"G_07","Red and Orange","S",75,"75",4,"Ambient","Ac_273_4","0","0"
"641","272","N+P","R2",2017-12-15,2018-01-16,0.7407,0.7641,"G_07","Red and Orange","S",62,"62",3,"Nutrients","Ac_272_3","62_N+P","62_Nutrients"
"642","175","N+P","R2",2018-01-29,2018-02-14,0.9433,0.8368,"G_07","Red and Orange","S",91,"91",5,"Nutrients","Ac_175_5","91_N+P","91_Nutrients"
"643","272","N+P","R2",2018-01-29,2018-02-14,0.5164,0.4106,"G_07","Red and Orange","S",91,"91",5,"Nutrients","Ac_272_5","91_N+P","91_Nutrients"
"644","272","N+P","R2",2018-01-16,2018-01-29,0.931,0.9528,"G_07","Red and Orange","S",75,"75",4,"Nutrients","Ac_272_4","75_N+P","75_Nutrients"
"645","271","N","R2",2017-12-15,2018-01-16,0.7843,0.7962,"G_07","Red and Orange","S",62,"62",3,"Nutrients","Ac_271_3","62_N","62_Nutrients"
"646","261","A","R1",2018-01-16,2018-01-29,2.3519,2.3544,"G_07","Red and Orange","S",75,"75",4,"Ambient","Ac_261_4","0","0"
"647","169","A","R1",2018-01-16,2018-01-29,2.206,2.133,"G_07","Red and Orange","S",75,"75",4,"Ambient","Ac_169_4","0","0"
"649","265","N","R2",2017-12-15,2018-01-16,0.7292,0.7411,"G_07","Red and Orange","S",62,"62",3,"Nutrients","Ac_265_3","62_N","62_Nutrients"
"650","104","N+P","R2",2017-11-16,2017-12-13,3.1278,3.1861,"G_50","Red and Yellow","S",28,"28",2,"Nutrients","Ac_104_2","28_N+P","28_Nutrients"
"651","109","N","R2",2017-08-30,2017-10-18,5.1805,5.1799,"G_50","Red and Yellow","S",-28,"-28",1,"Nutrients","Ac_109_1",NA,"0"
"654","104","N+P","R2",2017-08-30,2017-10-18,4.6086,4.6139,"G_50","Red and Yellow","S",-28,"-28",1,"Nutrients","Ac_104_1",NA,"0"
"655","108","A","R2",2017-08-30,2017-10-18,4.7469,4.7441,"G_50","Red and Yellow","S",-28,"-28",1,"Ambient","Ac_108_1","0","0"
"657","101","N+P","R1",2017-08-30,2017-10-18,4.5937,4.5864,"G_50","Red and Yellow","S",-28,"-28",1,"Nutrients","Ac_101_1",NA,"0"
"658","105","A","R1",2017-12-15,2018-01-16,2.8675,2.8917,"G_50","Red and Yellow","S",62,"62",3,"Ambient","Ac_105_3","0","0"
"659","103","N","R2",2017-08-30,2017-10-18,3.7042,3.7037,"G_50","Red and Yellow","S",-28,"-28",1,"Nutrients","Ac_103_1",NA,"0"
"660","106","N","R1",2018-01-16,2018-01-29,0.0769,0.0227,"G_50","Red and Yellow","S",75,"75",4,"Nutrients","Ac_106_4","75_N","75_Nutrients"
"661","107","N+P","R1",2017-12-15,2018-01-16,0.5832,0.6058,"G_50","Red and Yellow","S",62,"62",3,"Nutrients","Ac_107_3","62_N+P","62_Nutrients"
"662","204","A","R1",2017-11-16,2017-12-13,3.9648,4.0149,"G_50","Red and Yellow","S",28,"28",2,"Ambient","Ac_204_2","0","0"
"663","107","N+P","R1",2017-08-30,2017-10-18,2.8517,2.8449,"G_50","Red and Yellow","S",-28,"-28",1,"Nutrients","Ac_107_1",NA,"0"
"664","102","A","R2",2018-02-14,2018-02-23,0.9675,1.1502,"G_50","Red and Yellow","S",100,"100",6,"Ambient","Ac_102_6","0","0"
"665","108","A","R2",2017-12-15,2018-01-16,3.0258,3.037,"G_50","Red and Yellow","S",62,"62",3,"Ambient","Ac_108_3","0","0"
"667","102","A","R2",2017-08-30,2017-10-18,3.821,3.8183,"G_50","Red and Yellow","S",-28,"-28",1,"Ambient","Ac_102_1","0","0"
"668","204","A","R1",2018-01-16,2018-01-29,2.8866,2.9177,"G_50","Red and Yellow","S",75,"75",4,"Ambient","Ac_204_4","0","0"
"670","102","A","R2",2018-01-16,2018-01-29,2.2924,2.2848,"G_50","Red and Yellow","S",75,"75",4,"Ambient","Ac_102_4","0","0"
"671","105","A","R1",2018-01-29,2018-02-14,1.9371,1.7363,"G_50","Red and Yellow","S",91,"91",5,"Ambient","Ac_105_5","0","0"
"672","101","N+P","R1",2017-11-16,2017-12-13,2.5783,2.6244,"G_50","Red and Yellow","S",28,"28",2,"Nutrients","Ac_101_2","28_N+P","28_Nutrients"
"673","107","N+P","R1",2017-11-16,2017-12-13,2.1535,2.199,"G_50","Red and Yellow","S",28,"28",2,"Nutrients","Ac_107_2","28_N+P","28_Nutrients"
"674","300","N+P","R1",2017-11-16,2017-12-13,1.3392,1.3838,"G_50","Red and Yellow","S",28,"28",2,"Nutrients","Ac_300_2","28_N+P","28_Nutrients"
"675","107","N+P","R1",2018-01-29,2018-02-14,0.1233,-0.0243,"G_50","Red and Yellow","S",91,"91",5,"Nutrients","Ac_107_5","91_N+P","91_Nutrients"
"678","108","A","R2",2018-02-14,2018-02-23,1.2089,1.392,"G_50","Red and Yellow","S",100,"100",6,"Ambient","Ac_108_6","0","0"
"679","103","N","R2",2017-11-16,2017-12-13,1.873,1.9233,"G_50","Red and Yellow","S",28,"28",2,"Nutrients","Ac_103_2","28_N","28_Nutrients"
"680","107","N+P","R1",2018-01-16,2018-01-29,-0.2508,-0.221,"G_50","Red and Yellow","S",75,"75",4,"Nutrients","Ac_107_4","75_N+P","75_Nutrients"
"682","101","N+P","R1",2017-12-15,2018-01-16,1.0479,1.0644,"G_50","Red and Yellow","S",62,"62",3,"Nutrients","Ac_101_3","62_N+P","62_Nutrients"
"684","109","N","R2",2017-11-16,2017-12-13,3.2422,3.2943,"G_50","Red and Yellow","S",28,"28",2,"Nutrients","Ac_109_2","28_N","28_Nutrients"
"685","106","N","R1",2017-08-30,2017-10-18,6.5265,6.5157,"G_50","Red and Yellow","S",-28,"-28",1,"Nutrients","Ac_106_1",NA,"0"
"686","105","A","R1",2018-02-14,2018-02-23,1.4547,1.6924,"G_50","Red and Yellow","S",100,"100",6,"Ambient","Ac_105_6","0","0"
"687","102","A","R2",2017-12-15,2018-01-16,2.6199,2.631,"G_50","Red and Yellow","S",62,"62",3,"Ambient","Ac_102_3","0","0"
"690","102","A","R2",2017-11-16,2017-12-13,3.8931,3.9466,"G_50","Red and Yellow","S",28,"28",2,"Ambient","Ac_102_2","0","0"
"691","108","A","R2",2017-11-16,2017-12-13,3.9722,4.0258,"G_50","Red and Yellow","S",28,"28",2,"Ambient","Ac_108_2","0","0"
"692","300","N+P","R1",2017-08-30,2017-10-18,2.2936,2.2968,"G_50","Red and Yellow","S",-28,"-28",1,"Nutrients","Ac_300_1",NA,"0"
"693","110","N+P","R2",2017-08-30,2017-10-18,3.8519,3.8571,"G_50","Red and Yellow","S",-28,"-28",1,"Nutrients","Ac_110_1",NA,"0"
"694","109","N","R2",2017-12-15,2018-01-16,0.2659,0.2777,"G_50","Red and Yellow","S",62,"62",3,"Nutrients","Ac_109_3","62_N","62_Nutrients"
"697","104","N+P","R2",2018-01-29,2018-02-14,0.1202,0.0105,"G_50","Red and Yellow","S",91,"91",5,"Nutrients","Ac_104_5","91_N+P","91_Nutrients"
"699","105","A","R1",2017-11-16,2017-12-13,3.5951,3.6447,"G_50","Red and Yellow","S",28,"28",2,"Ambient","Ac_105_2","0","0"
"701","101","N+P","R1",2018-01-29,2018-02-14,0.1168,0.0176,"G_50","Red and Yellow","S",91,"91",5,"Nutrients","Ac_101_5","91_N+P","91_Nutrients"
"702","110","N+P","R2",2017-11-16,2017-12-13,2.5697,2.6272,"G_50","Red and Yellow","S",28,"28",2,"Nutrients","Ac_110_2","28_N+P","28_Nutrients"
"704","106","N","R1",2017-12-15,2018-01-16,0.742,0.759,"G_50","Red and Yellow","S",62,"62",3,"Nutrients","Ac_106_3","62_N","62_Nutrients"
"705","105","A","R1",2017-08-30,2017-10-18,3.5022,3.4904,"G_50","Red and Yellow","S",-28,"-28",1,"Ambient","Ac_105_1","0","0"
"706","101","N+P","R1",2018-01-16,2018-01-29,0.4235,0.4536,"G_50","Red and Yellow","S",75,"75",4,"Nutrients","Ac_101_4","75_N+P","75_Nutrients"
"707","110","N+P","R2",2018-01-16,2018-01-29,-0.13,-0.0974,"G_50","Red and Yellow","S",75,"75",4,"Nutrients","Ac_110_4","75_N+P","75_Nutrients"
"708","206","N","R1",2017-11-16,2017-12-13,2.7807,2.8465,"G_50","Red and Yellow","S",28,"28",2,"Nutrients","Ac_206_2","28_N","28_Nutrients"
"709","110","N+P","R2",2017-12-15,2018-01-16,0.7487,0.7722,"G_50","Red and Yellow","S",62,"62",3,"Nutrients","Ac_110_3","62_N+P","62_Nutrients"
"710","204","A","R1",2018-02-14,2018-02-23,1.9388,2.1776,"G_50","Red and Yellow","S",100,"100",6,"Ambient","Ac_204_6","0","0"
"711","204","A","R1",2017-12-15,2018-01-16,3.1673,3.1917,"G_50","Red and Yellow","S",62,"62",3,"Ambient","Ac_204_3","0","0"
"712","108","A","R2",2018-01-16,2018-01-29,3.1617,3.1541,"G_50","Red and Yellow","S",75,"75",4,"Ambient","Ac_108_4","0","0"
"713","108","A","R2",2018-01-29,2018-02-14,1.8914,1.739,"G_50","Red and Yellow","S",91,"91",5,"Ambient","Ac_108_5","0","0"
"714","206","N","R1",2017-12-15,2018-01-16,0.234,0.2563,"G_50","Red and Yellow","S",62,"62",3,"Nutrients","Ac_206_3","62_N","62_Nutrients"
"715","206","N","R1",2017-08-30,2017-10-18,5.0989,5.0789,"G_50","Red and Yellow","S",-28,"-28",1,"Nutrients","Ac_206_1",NA,"0"
"716","102","A","R2",2018-01-29,2018-02-14,1.2903,1.1393,"G_50","Red and Yellow","S",91,"91",5,"Ambient","Ac_102_5","0","0"
"717","105","A","R1",2018-01-16,2018-01-29,2.4899,2.5208,"G_50","Red and Yellow","S",75,"75",4,"Ambient","Ac_105_4","0","0"
"718","104","N+P","R2",2017-12-15,2018-01-16,0.8468,0.8703,"G_50","Red and Yellow","S",62,"62",3,"Nutrients","Ac_104_3","62_N+P","62_Nutrients"
"719","104","N+P","R2",2018-01-16,2018-01-29,-0.0061,0.0265,"G_50","Red and Yellow","S",75,"75",4,"Nutrients","Ac_104_4","75_N+P","75_Nutrients"
"720","106","N","R1",2017-11-16,2017-12-13,3.1437,3.2101,"G_50","Red and Yellow","S",28,"28",2,"Nutrients","Ac_106_2","28_N","28_Nutrients"
"721","204","A","R1",2018-01-29,2018-02-14,2.2765,2.0747,"G_50","Red and Yellow","S",91,"91",5,"Ambient","Ac_204_5","0","0"
"722","204","A","R1",2017-08-30,2017-10-18,4.338,4.3163,"G_50","Red and Yellow","S",-28,"-28",1,"Ambient","Ac_204_1","0","0"
"723","106","N","R1",2018-01-29,2018-02-14,-0.4641,-0.5738,"G_50","Red and Yellow","S",91,"91",5,"Nutrients","Ac_106_5","91_N","91_Nutrients"
"725","103","N","R2",2017-12-15,2018-01-16,0.2131,0.2248,"G_50","Red and Yellow","S",62,"62",3,"Nutrients","Ac_103_3","62_N","62_Nutrients"
"726","145","N+P","R1",2017-12-15,2018-01-16,0.9164,0.9392,"G_08","Yellow","S",62,"62",3,"Nutrients","Ac_145_3","62_N+P","62_Nutrients"
"728","145","N+P","R1",2017-11-16,2017-12-13,1.8468,1.892,"G_08","Yellow","S",28,"28",2,"Nutrients","Ac_145_2","28_N+P","28_Nutrients"
"729","234","N","R2",2017-12-15,2018-01-16,1.0155,1.0384,"G_08","Yellow","S",62,"62",3,"Nutrients","Ac_234_3","62_N","62_Nutrients"
"730","233","N+P","R2",2017-08-30,2017-10-18,4.4329,4.4329,"G_08","Yellow","S",-28,"-28",1,"Nutrients","Ac_233_1",NA,"0"
"731","231","A","R2",2017-11-16,2017-12-13,1.7165,1.7652,"G_08","Yellow","S",28,"28",2,"Ambient","Ac_231_2","0","0"
"733","231","A","R2",2017-12-15,2018-01-16,1.9987,2.0146,"G_08","Yellow","S",62,"62",3,"Ambient","Ac_231_3","0","0"
"734","234","N","R2",2017-08-30,2017-10-18,4.9012,4.8953,"G_08","Yellow","S",-28,"-28",1,"Nutrients","Ac_234_1",NA,"0"
"735","232","N","R2",2017-12-15,2018-01-16,0.9046,0.9274,"G_08","Yellow","S",62,"62",3,"Nutrients","Ac_232_3","62_N","62_Nutrients"
"736","143","A","R1",2018-01-16,2018-01-29,2.4623,2.4932,"G_08","Yellow","S",75,"75",4,"Ambient","Ac_143_4","0","0"
"737","232","N","R2",2017-11-16,2017-12-13,2.4779,2.5298,"G_08","Yellow","S",28,"28",2,"Nutrients","Ac_232_2","28_N","28_Nutrients"
"738","145","N+P","R1",2018-01-16,2018-01-29,0.5688,0.5989,"G_08","Yellow","S",75,"75",4,"Nutrients","Ac_145_4","75_N+P","75_Nutrients"
"739","143","A","R1",2018-01-29,2018-02-14,1.7913,1.591,"G_08","Yellow","S",91,"91",5,"Ambient","Ac_143_5","0","0"
"740","232","N","R2",2017-08-30,2017-10-18,4.3119,4.3061,"G_08","Yellow","S",-28,"-28",1,"Nutrients","Ac_232_1",NA,"0"
"741","144","N","R1",2018-01-16,2018-01-29,0.8851,0.9154,"G_08","Yellow","S",75,"75",4,"Nutrients","Ac_144_4","75_N","75_Nutrients"
"742","143","A","R1",2017-12-15,2018-01-16,2.143,2.1666,"G_08","Yellow","S",62,"62",3,"Ambient","Ac_143_3","0","0"
"747","143","A","R1",2017-08-30,2017-10-18,3.7879,3.7751,"G_08","Yellow","S",-28,"-28",1,"Ambient","Ac_143_1","0","0"
"748","233","N+P","R2",2018-01-16,2018-01-29,1.0576,1.0793,"G_08","Yellow","S",75,"75",4,"Nutrients","Ac_233_4","75_N+P","75_Nutrients"
"749","235","N+P","R2",2018-01-16,2018-01-29,0.0102,0.0317,"G_08","Yellow","S",75,"75",4,"Nutrients","Ac_235_4","75_N+P","75_Nutrients"
"750","233","N+P","R2",2018-01-29,2018-02-14,0.3694,0.2639,"G_08","Yellow","S",91,"91",5,"Nutrients","Ac_233_5","91_N+P","91_Nutrients"
"752","234","N","R2",2017-11-16,2017-12-13,2.7907,2.8431,"G_08","Yellow","S",28,"28",2,"Nutrients","Ac_234_2","28_N","28_Nutrients"
"753","231","A","R2",2018-01-16,2018-01-29,1.6014,1.6319,"G_08","Yellow","S",75,"75",4,"Ambient","Ac_231_4","0","0"
"754","143","A","R1",2017-11-16,2017-12-13,2.1374,2.1852,"G_08","Yellow","S",28,"28",2,"Ambient","Ac_143_2","0","0"
"755","235","N+P","R2",2017-12-15,2018-01-16,1.1078,1.1296,"G_08","Yellow","S",62,"62",3,"Nutrients","Ac_235_3","62_N+P","62_Nutrients"
"756","145","N+P","R1",2018-01-29,2018-02-14,0.2521,0.1042,"G_08","Yellow","S",91,"91",5,"Nutrients","Ac_145_5","91_N+P","91_Nutrients"
"757","233","N+P","R2",2017-11-16,2017-12-13,2.6383,2.6959,"G_08","Yellow","S",28,"28",2,"Nutrients","Ac_233_2","28_N+P","28_Nutrients"
"758","235","N+P","R2",2017-11-16,2017-12-13,2.6522,2.7047,"G_08","Yellow","S",28,"28",2,"Nutrients","Ac_235_2","28_N+P","28_Nutrients"
"759","144","N","R1",2017-12-15,2018-01-16,0.3183,0.3345,"G_08","Yellow","S",62,"62",3,"Nutrients","Ac_144_3","62_N","62_Nutrients"
"761","231","A","R2",2018-02-14,2018-02-23,1.3276,1.5109,"G_08","Yellow","S",100,"100",6,"Ambient","Ac_231_6","0","0"
"762","144","N","R1",2017-11-16,2017-12-13,2.3479,2.413,"G_08","Yellow","S",28,"28",2,"Nutrients","Ac_144_2","28_N","28_Nutrients"
"763","235","N+P","R2",2017-08-30,2017-10-18,4.0082,4.0082,"G_08","Yellow","S",-28,"-28",1,"Nutrients","Ac_235_1",NA,"0"
"764","231","A","R2",2017-08-30,2017-10-18,3.0166,3.0089,"G_08","Yellow","S",-28,"-28",1,"Ambient","Ac_231_1","0","0"
"767","233","N+P","R2",2017-12-15,2018-01-16,1.7367,1.7609,"G_08","Yellow","S",62,"62",3,"Nutrients","Ac_233_3","62_N+P","62_Nutrients"
"768","143","A","R1",2018-02-14,2018-02-23,2.2615,2.501,"G_08","Yellow","S",100,"100",6,"Ambient","Ac_143_6","0","0"
"769","232","N","R2",2018-01-16,2018-01-29,0.0628,0.0928,"G_08","Yellow","S",75,"75",4,"Nutrients","Ac_232_4","75_N","75_Nutrients"
"770","234","N","R2",2018-01-16,2018-01-29,0.2628,0.2929,"G_08","Yellow","S",75,"75",4,"Nutrients","Ac_234_4","75_N","75_Nutrients"
"771","231","A","R2",2018-01-29,2018-02-14,1.348,1.1724,"G_08","Yellow","S",91,"91",5,"Ambient","Ac_231_5","0","0"
